-- MySQL dump 10.13  Distrib 5.5.47, for debian-linux-gnu (x86_64)
--
-- Host: localhost    Database: hotel
-- ------------------------------------------------------
-- Server version	5.5.47-0ubuntu0.14.04.1

/*!40101 SET @OLD_CHARACTER_SET_CLIENT=@@CHARACTER_SET_CLIENT */;
/*!40101 SET @OLD_CHARACTER_SET_RESULTS=@@CHARACTER_SET_RESULTS */;
/*!40101 SET @OLD_COLLATION_CONNECTION=@@COLLATION_CONNECTION */;
/*!40101 SET NAMES utf8 */;
/*!40103 SET @OLD_TIME_ZONE=@@TIME_ZONE */;
/*!40103 SET TIME_ZONE='+00:00' */;
/*!40014 SET @OLD_UNIQUE_CHECKS=@@UNIQUE_CHECKS, UNIQUE_CHECKS=0 */;
/*!40014 SET @OLD_FOREIGN_KEY_CHECKS=@@FOREIGN_KEY_CHECKS, FOREIGN_KEY_CHECKS=0 */;
/*!40101 SET @OLD_SQL_MODE=@@SQL_MODE, SQL_MODE='NO_AUTO_VALUE_ON_ZERO' */;
/*!40111 SET @OLD_SQL_NOTES=@@SQL_NOTES, SQL_NOTES=0 */;

--
-- Table structure for table `tbd_pemasok_barang`
--

DROP TABLE IF EXISTS `tbd_pemasok_barang`;
/*!40101 SET @saved_cs_client     = @@character_set_client */;
/*!40101 SET character_set_client = utf8 */;
CREATE TABLE `tbd_pemasok_barang` (
  `id` int(11) NOT NULL AUTO_INCREMENT,
  `id_barang` int(11) DEFAULT NULL,
  `id_pemasok` int(11) DEFAULT NULL,
  `deleted` char(1) DEFAULT '0',
  PRIMARY KEY (`id`)
) ENGINE=InnoDB AUTO_INCREMENT=48 DEFAULT CHARSET=utf8;
/*!40101 SET character_set_client = @saved_cs_client */;

--
-- Dumping data for table `tbd_pemasok_barang`
--

LOCK TABLES `tbd_pemasok_barang` WRITE;
/*!40000 ALTER TABLE `tbd_pemasok_barang` DISABLE KEYS */;
INSERT INTO `tbd_pemasok_barang` VALUES (1,30,1,'0'),(2,33,1,'0'),(3,30,2,'0'),(4,34,2,'0'),(5,36,2,'0'),(6,37,2,'0'),(7,38,2,'0'),(8,39,2,'0'),(9,40,2,'0'),(10,41,2,'0'),(11,42,2,'0'),(12,43,2,'0'),(13,44,2,'0'),(14,45,2,'0'),(15,46,2,'0'),(16,47,2,'0'),(17,48,2,'0'),(18,49,2,'0'),(19,50,2,'0'),(20,51,2,'0'),(21,52,2,'0'),(22,53,2,'0'),(23,54,2,'0'),(24,55,2,'0'),(25,56,2,'0'),(26,57,2,'0'),(27,58,2,'0'),(28,59,2,'0'),(29,60,2,'0'),(30,61,2,'0'),(31,62,2,'0'),(32,63,2,'0'),(33,64,2,'0'),(34,65,2,'0'),(35,66,2,'0'),(36,67,2,'0'),(37,68,2,'0'),(38,69,2,'0'),(39,70,2,'0'),(40,71,2,'0'),(41,72,2,'0'),(42,73,2,'0'),(43,74,2,'0'),(44,75,2,'0'),(45,76,2,'0'),(46,77,2,'0'),(47,78,2,'0');
/*!40000 ALTER TABLE `tbd_pemasok_barang` ENABLE KEYS */;
UNLOCK TABLES;

--
-- Table structure for table `tbd_perusahaan`
--

DROP TABLE IF EXISTS `tbd_perusahaan`;
/*!40101 SET @saved_cs_client     = @@character_set_client */;
/*!40101 SET character_set_client = utf8 */;
CREATE TABLE `tbd_perusahaan` (
  `id` int(11) NOT NULL AUTO_INCREMENT,
  `nama` varchar(255) DEFAULT NULL,
  `alamat` varchar(255) DEFAULT NULL,
  `telepon` varchar(255) DEFAULT '',
  `email` varchar(255) DEFAULT NULL,
  `deleted` char(1) DEFAULT '0',
  PRIMARY KEY (`id`)
) ENGINE=InnoDB AUTO_INCREMENT=2 DEFAULT CHARSET=utf8;
/*!40101 SET character_set_client = @saved_cs_client */;

--
-- Dumping data for table `tbd_perusahaan`
--

LOCK TABLES `tbd_perusahaan` WRITE;
/*!40000 ALTER TABLE `tbd_perusahaan` DISABLE KEYS */;
INSERT INTO `tbd_perusahaan` VALUES (1,'NAVARA DIGITAL PRINTING & WEDDING INVITATION','Jl. Raya Kelapa II Entrop (samping Hotel Delima)','08124857788, 081248646499','navaradp@gmail.com','0');
/*!40000 ALTER TABLE `tbd_perusahaan` ENABLE KEYS */;
UNLOCK TABLES;

--
-- Table structure for table `tbd_stok_barang`
--

DROP TABLE IF EXISTS `tbd_stok_barang`;
/*!40101 SET @saved_cs_client     = @@character_set_client */;
/*!40101 SET character_set_client = utf8 */;
CREATE TABLE `tbd_stok_barang` (
  `id` int(11) NOT NULL AUTO_INCREMENT,
  `id_barang` int(11) DEFAULT NULL,
  `stok` float(11,2) DEFAULT NULL,
  `deleted` char(1) DEFAULT '0',
  PRIMARY KEY (`id`)
) ENGINE=InnoDB AUTO_INCREMENT=44 DEFAULT CHARSET=utf8;
/*!40101 SET character_set_client = @saved_cs_client */;

--
-- Dumping data for table `tbd_stok_barang`
--

LOCK TABLES `tbd_stok_barang` WRITE;
/*!40000 ALTER TABLE `tbd_stok_barang` DISABLE KEYS */;
INSERT INTO `tbd_stok_barang` VALUES (1,30,1000.00,'0'),(2,34,1000.00,'0'),(3,36,1000.00,'0'),(4,37,2790.00,'0'),(5,38,3000.00,'0'),(6,39,2730.00,'0'),(7,40,2987.00,'0'),(8,41,500.00,'0'),(9,42,500.00,'0'),(10,43,2810.00,'0'),(11,44,2978.00,'0'),(12,45,2829.00,'0'),(13,46,476.00,'0'),(14,47,491.00,'0'),(15,48,1000.00,'0'),(16,49,1000.00,'0'),(17,50,1000.00,'0'),(18,51,1000.00,'0'),(19,52,2817.00,'0'),(20,53,3901.00,'0'),(21,55,500.00,'0'),(22,56,1000.00,'0'),(23,57,1000.00,'0'),(24,58,1000.00,'0'),(25,59,1000.00,'0'),(26,60,43.00,'0'),(27,62,5000.00,'0'),(28,63,4000.00,'0'),(29,64,5000.00,'0'),(30,65,832.00,'0'),(31,66,1000.00,'0'),(32,67,1000.00,'0'),(33,68,1000.00,'0'),(34,69,10.00,'0'),(35,70,9.00,'0'),(36,71,10.00,'0'),(37,72,100.00,'0'),(38,73,5.00,'0'),(39,74,5.00,'0'),(40,75,5.00,'0'),(41,76,5.00,'0'),(42,78,950.00,'0'),(43,77,4.00,'0');
/*!40000 ALTER TABLE `tbd_stok_barang` ENABLE KEYS */;
UNLOCK TABLES;

--
-- Table structure for table `tbd_user`
--

DROP TABLE IF EXISTS `tbd_user`;
/*!40101 SET @saved_cs_client     = @@character_set_client */;
/*!40101 SET character_set_client = utf8 */;
CREATE TABLE `tbd_user` (
  `username` varchar(15) NOT NULL,
  `password` varchar(100) NOT NULL,
  `nama` varchar(30) NOT NULL,
  `group` int(11) DEFAULT NULL,
  `status` char(1) NOT NULL,
  `tgl_create` date NOT NULL,
  `wkt_create` char(8) NOT NULL,
  `tgl_log` date NOT NULL,
  `wkt_log` char(8) NOT NULL,
  `st_log` char(1) DEFAULT '0',
  `ssid` varchar(150) DEFAULT NULL,
  `deleted` char(1) DEFAULT '0',
  PRIMARY KEY (`username`),
  KEY `nip` (`tgl_log`,`wkt_log`,`st_log`,`ssid`) USING BTREE
) ENGINE=InnoDB DEFAULT CHARSET=utf8 COMMENT='User login manajemen!';
/*!40101 SET character_set_client = @saved_cs_client */;

--
-- Dumping data for table `tbd_user`
--

LOCK TABLES `tbd_user` WRITE;
/*!40000 ALTER TABLE `tbd_user` DISABLE KEYS */;
INSERT INTO `tbd_user` VALUES ('admin','d8578edf8458ce06fbc5bb76a58c5ca4','Admin System',1,'1','2011-10-03','14:16:08','2016-03-09','22:30:50','1','','0'),('bamz','a9d3b5ad5cade993e537dc01f2ac6030','bamz',1,'1','2016-01-21','14:39:27','2016-02-05','12:34:34','0','','0'),('febi','827ccb0eea8a706c4c34a16891f84e7b','febi',2,'1','2016-01-21','14:36:54','2016-02-03','18:15:03','0','','0'),('huda','46d8bee3d4f2615b00099f264c22f1e3','huda',74,'1','2016-01-26','19:35:53','2016-02-03','10:33:27','0','','0'),('operator','d8578edf8458ce06fbc5bb76a58c5ca4','Deni Andriansah',73,'1','2015-12-25','4:04:37','2015-12-25','5:46:25','0','','0'),('test','d8578edf8458ce06fbc5bb76a58c5ca4','Test',2,'1','2015-12-24','23:08:14','2015-12-25','5:44:23','0','','1');
/*!40000 ALTER TABLE `tbd_user` ENABLE KEYS */;
UNLOCK TABLES;

--
-- Table structure for table `tbm_barang`
--

DROP TABLE IF EXISTS `tbm_barang`;
/*!40101 SET @saved_cs_client     = @@character_set_client */;
/*!40101 SET character_set_client = utf8 */;
CREATE TABLE `tbm_barang` (
  `id` int(11) NOT NULL AUTO_INCREMENT,
  `nama` varchar(255) DEFAULT NULL,
  `ukuran` varchar(255) DEFAULT NULL,
  `satuan` int(11) DEFAULT NULL,
  `st_barang` char(1) DEFAULT '0',
  `deleted` char(1) DEFAULT '0',
  PRIMARY KEY (`id`)
) ENGINE=InnoDB AUTO_INCREMENT=80 DEFAULT CHARSET=utf8;
/*!40101 SET character_set_client = @saved_cs_client */;

--
-- Dumping data for table `tbm_barang`
--

LOCK TABLES `tbm_barang` WRITE;
/*!40000 ALTER TABLE `tbm_barang` DISABLE KEYS */;
INSERT INTO `tbm_barang` VALUES (1,'A4','210 X 270 mm',1,'1','1'),(2,'F4','230 x 210 mm',4,'0','1'),(3,'ART 120 LBR','79 X 109',1,'0','1'),(4,'ART 120 PLN','79 X 109',9,'0','1'),(5,'ART 120 LBR','65 X 100',1,'0','1'),(6,'ART 120 PLN','65 X 100',9,'0','1'),(7,'ART 150','79 X 109',1,'0','1'),(8,'ART 150','65 X 100',9,'0','1'),(9,'ART 120 MATT','79 X 109',1,'0','1'),(10,'ART 120 MATT','79 X 109',9,'0','1'),(11,'ART 150 MATT','79 X 109',1,'0','1'),(12,'ART 150 MATT','79 X 109',9,'0','1'),(13,'ART 210','79 X 109',1,'0','1'),(14,'ART 210','79 X 109',9,'0','1'),(15,'ART 230','79 X 109',1,'0','1'),(16,'ART 230','79 X 109',9,'0','1'),(17,'ART 260','79 X 109',1,'0','1'),(18,'ART 260','79 X 109',9,'0','1'),(19,'ART 310','79 X 109',1,'0','1'),(20,'ART 310','79 X 109',9,'0','1'),(21,'ART 400','79 X 109',1,'0','1'),(22,'ART 400','79 X 109',9,'0','1'),(23,'BC KUNING','61 X 86',1,'0','1'),(24,'BC KUNING','61 X 86',9,'0','1'),(25,'BC PUTIH','61 X 86',1,'0','1'),(26,'BC PUTIH','61 X 86',9,'0','1'),(27,'BC ORANGE','61 X 86',1,'0','1'),(28,'BC ORANGE','61 X 86',9,'0','1'),(29,'BUFFALO BIRU','79 X 109',1,'0','1'),(30,'BUFFALO BIRU','79 X 109',9,'0','0'),(31,'BUFFALO ABU ABU','79 X 109',1,'0','1'),(32,'BUFFALO ABU ABU','79 X 109',9,'0','1'),(33,'BUFFALO CREAM','79 X 109',1,'0','1'),(34,'BUFFALO CREAM','79 X 109',9,'0','0'),(35,'BUFFALO KUNING','79 X 109',1,'0','1'),(36,'BUFFALO KUNING','79 X 109',9,'0','0'),(37,'ART PAPER 120','79 X 109',9,'0','0'),(38,'ART PAPER 120','65 X 100',9,'0','0'),(39,'ART PAPER 150','79 X 109',9,'0','0'),(40,'ART PAPER 150','65 X 100',9,'0','0'),(41,'ART PAPER 120 MATT','79 X 109',9,'0','0'),(42,'ART PAPER 150 MATT','79 X 109',9,'0','0'),(43,'ART CARTON 230','79 X 109',9,'0','0'),(44,'ART CARTON 210','79 X 109',9,'0','0'),(45,'ART CARTON 260','79 X 109',9,'0','0'),(46,'ART CARTON 310','79 X 109',9,'0','0'),(47,'ART CARTON 400','79 X 109',9,'0','0'),(48,'BC KUNING','61 X 86',9,'0','0'),(49,'BC ORANGE','61 X 86',9,'0','0'),(50,'BC PUTIH','61 X 86',9,'0','0'),(51,'KARTOTIK','79 X 109',9,'0','0'),(52,'BOARD 30','64 X 75',9,'0','0'),(53,'BOARD 40','64 X 75',9,'0','0'),(54,'BOARD 30 SUPER','64 X 75',9,'0','0'),(55,'STIKER CAMEL','70 X 108',9,'0','0'),(56,'BUFFALO ABU ABU','79 X 109',9,'0','0'),(57,'BUFFALO ORANGE','79 X 109',9,'0','0'),(58,'COPEN  CREAM','79 X 109',9,'0','0'),(59,'COPEN  PUTIH','79 X 109',9,'0','0'),(60,'HOT LAMINASI DOFF','33CM X 150M',6,'0','0'),(61,'HOT LAMINASI GLOSSY','33CM XC 150M',6,'0','0'),(62,'HVS 100 GR','65 X 100',9,'0','0'),(63,'HVS 80 GR','65 X 100',9,'0','0'),(64,'HVS 70 GR','65 X 100',9,'0','0'),(65,'JASMINE CREAM','79 X 109',9,'0','0'),(66,'JASMINE PINK','79 X 109',9,'0','0'),(67,'JASMINE PUTIH','79 X 109',9,'0','0'),(68,'JASMINE UNGU','79 X 109',9,'0','0'),(69,'KAIN LINEN BIRU','120CM X 16M',6,'0','0'),(70,'KAIN LINEN HITAM','120CM X 16M',6,'0','0'),(71,'KAIN LINEN MERAH','120CM X 16M',6,'0','0'),(72,'LEM WEBER','1',7,'0','0'),(73,'NCR BIRU ADDLER (MB)','65 X 100',9,'0','0'),(74,'NCR HIJAU ADDLER (MG)','65 X 100',9,'0','0'),(75,'NCR KUNING  ADDLER (MY)','65 X 100',9,'0','0'),(76,'NCR MERAH ADDLER (MP)','65 X 100',9,'0','0'),(77,'NCR PUTIH ADDLER (TW)','65 X 100',9,'0','0'),(78,'SAMSON SI','90 X 120',9,'0','0'),(79,'CETAK SAJA','0',1,'0','0');
/*!40000 ALTER TABLE `tbm_barang` ENABLE KEYS */;
UNLOCK TABLES;

--
-- Table structure for table `tbm_barang_banner`
--

DROP TABLE IF EXISTS `tbm_barang_banner`;
/*!40101 SET @saved_cs_client     = @@character_set_client */;
/*!40101 SET character_set_client = utf8 */;
CREATE TABLE `tbm_barang_banner` (
  `id` int(11) NOT NULL AUTO_INCREMENT,
  `id_parent_barang` int(11) DEFAULT NULL,
  `id_barang` int(11) DEFAULT NULL,
  `jml` float(11,2) DEFAULT NULL,
  `deleted` char(1) DEFAULT '0',
  PRIMARY KEY (`id`)
) ENGINE=InnoDB DEFAULT CHARSET=utf8;
/*!40101 SET character_set_client = @saved_cs_client */;

--
-- Dumping data for table `tbm_barang_banner`
--

LOCK TABLES `tbm_barang_banner` WRITE;
/*!40000 ALTER TABLE `tbm_barang_banner` DISABLE KEYS */;
/*!40000 ALTER TABLE `tbm_barang_banner` ENABLE KEYS */;
UNLOCK TABLES;

--
-- Table structure for table `tbm_barang_harga`
--

DROP TABLE IF EXISTS `tbm_barang_harga`;
/*!40101 SET @saved_cs_client     = @@character_set_client */;
/*!40101 SET character_set_client = utf8 */;
CREATE TABLE `tbm_barang_harga` (
  `id` int(11) NOT NULL AUTO_INCREMENT,
  `id_barang` int(11) DEFAULT NULL,
  `id_satuan` int(11) DEFAULT NULL,
  `jml` float(11,2) DEFAULT NULL,
  `harga` float(11,2) DEFAULT NULL,
  `deleted` char(1) DEFAULT '0',
  PRIMARY KEY (`id`)
) ENGINE=InnoDB AUTO_INCREMENT=178 DEFAULT CHARSET=utf8;
/*!40101 SET character_set_client = @saved_cs_client */;

--
-- Dumping data for table `tbm_barang_harga`
--

LOCK TABLES `tbm_barang_harga` WRITE;
/*!40000 ALTER TABLE `tbm_barang_harga` DISABLE KEYS */;
INSERT INTO `tbm_barang_harga` VALUES (30,48,0,1.00,3000.00,'0'),(31,48,9,100.00,290000.00,'0'),(37,53,0,1.00,7000.00,'0'),(38,53,9,40.00,260000.00,'0'),(39,52,0,1.00,8000.00,'0'),(40,52,9,30.00,230000.00,'0'),(53,60,0,1.00,200000.00,'0'),(54,61,0,1.00,200000.00,'0'),(55,62,9,500.00,500000.00,'0'),(56,64,9,500.00,350000.00,'0'),(66,69,0,1.00,275000.00,'0'),(68,71,0,1.00,275000.00,'0'),(71,72,0,1.00,20000.00,'0'),(77,78,0,1.00,3000.00,'0'),(78,78,9,500.00,1450000.00,'0'),(79,55,0,1.00,10000.00,'0'),(80,55,9,500.00,4700000.00,'0'),(85,49,0,1.00,4000.00,'0'),(86,49,9,100.00,385000.00,'0'),(87,50,0,1.00,3000.00,'0'),(88,50,9,100.00,290000.00,'0'),(98,70,0,1.00,275000.00,'0'),(99,70,6,1.00,250000.00,'0'),(115,44,0,1.00,5500.00,'0'),(116,44,9,100.00,500000.00,'0'),(117,43,0,1.00,6500.00,'0'),(118,43,9,100.00,600000.00,'0'),(121,45,0,1.00,7000.00,'0'),(122,45,9,100.00,650000.00,'0'),(123,46,0,1.00,7500.00,'0'),(124,46,9,100.00,700000.00,'0'),(125,47,0,1.00,9000.00,'0'),(126,47,9,100.00,850000.00,'0'),(127,37,0,1.00,3000.00,'0'),(128,37,9,250.00,750000.00,'0'),(129,41,0,1.00,4000.00,'0'),(130,41,9,250.00,1000000.00,'0'),(131,39,0,1.00,4000.00,'0'),(132,39,9,250.00,1000000.00,'0'),(133,42,0,1.00,4500.00,'0'),(134,42,9,250.00,1100000.00,'0'),(135,56,0,1.00,6500.00,'0'),(136,56,9,100.00,625000.00,'0'),(137,30,0,1.00,6500.00,'0'),(138,30,9,100.00,625000.00,'0'),(139,34,0,1.00,6500.00,'0'),(140,34,9,100.00,625000.00,'0'),(141,36,0,1.00,6500.00,'0'),(142,36,9,100.00,625000.00,'0'),(143,57,0,1.00,6500.00,'0'),(144,57,9,100.00,625000.00,'0'),(145,58,0,1.00,7500.00,'0'),(146,58,9,100.00,700000.00,'0'),(147,59,0,1.00,7500.00,'0'),(148,59,9,100.00,700000.00,'0'),(149,65,0,1.00,6500.00,'0'),(150,65,9,100.00,625000.00,'0'),(151,66,0,1.00,6500.00,'0'),(152,66,9,100.00,625000.00,'0'),(153,67,0,1.00,6500.00,'0'),(154,67,9,100.00,625000.00,'0'),(155,68,0,1.00,6500.00,'0'),(156,68,9,100.00,625000.00,'0'),(157,51,0,1.00,6000.00,'0'),(158,51,9,100.00,550000.00,'0'),(159,38,0,1.00,2500.00,'0'),(160,38,9,250.00,625000.00,'0'),(161,40,0,1.00,3500.00,'0'),(162,40,9,250.00,875000.00,'0'),(168,73,9,500.00,450000.00,'0'),(169,74,9,500.00,450000.00,'0'),(170,75,9,500.00,450000.00,'0'),(171,76,9,500.00,450000.00,'0'),(173,77,9,1.00,450000.00,'0'),(174,79,0,1.00,1.00,'0'),(177,63,9,500.00,400000.00,'0');
/*!40000 ALTER TABLE `tbm_barang_harga` ENABLE KEYS */;
UNLOCK TABLES;

--
-- Table structure for table `tbm_barang_harga_potongan`
--

DROP TABLE IF EXISTS `tbm_barang_harga_potongan`;
/*!40101 SET @saved_cs_client     = @@character_set_client */;
/*!40101 SET character_set_client = utf8 */;
CREATE TABLE `tbm_barang_harga_potongan` (
  `id` int(11) NOT NULL AUTO_INCREMENT,
  `id_barang` int(11) DEFAULT NULL,
  `ukuran` varchar(60) DEFAULT NULL,
  `harga` float(11,2) DEFAULT NULL,
  `deleted` char(1) DEFAULT '0',
  PRIMARY KEY (`id`)
) ENGINE=InnoDB AUTO_INCREMENT=840 DEFAULT CHARSET=utf8;
/*!40101 SET character_set_client = @saved_cs_client */;

--
-- Dumping data for table `tbm_barang_harga_potongan`
--

LOCK TABLES `tbm_barang_harga_potongan` WRITE;
/*!40000 ALTER TABLE `tbm_barang_harga_potongan` DISABLE KEYS */;
INSERT INTO `tbm_barang_harga_potongan` VALUES (148,48,'A4 (21X29.7)',0.00,'0'),(149,48,'F4 (21.5X33)',0.00,'0'),(150,48,'A3 (29.7X42)',0.00,'0'),(151,48,'SRA3 (32X45)',0.00,'0'),(152,48,'A3+ (32X48)',0.00,'0'),(153,48,'B4 (25.7X36.4)',0.00,'0'),(154,48,'B5 (18.2X25.7)',0.00,'0'),(155,48,'A5 (14.8X21)',0.00,'0'),(156,48,'B6 (12.8X18.2)',0.00,'0'),(157,48,'A6 (10.5X14.8)',0.00,'0'),(158,49,'A4 (21X29.7)',0.00,'0'),(159,49,'F4 (21.5X33)',0.00,'0'),(160,49,'A3 (29.7X42)',0.00,'0'),(161,49,'SRA3 (32X45)',0.00,'0'),(162,49,'A3+ (32X48)',0.00,'0'),(163,49,'B4 (25.7X36.4)',0.00,'0'),(164,49,'B5 (18.2X25.7)',0.00,'0'),(165,49,'A5 (14.8X21)',0.00,'0'),(166,49,'B6 (12.8X18.2)',0.00,'0'),(167,49,'A6 (10.5X14.8)',0.00,'0'),(168,50,'A4 (21X29.7)',0.00,'0'),(169,50,'F4 (21.5X33)',0.00,'0'),(170,50,'A3 (29.7X42)',0.00,'0'),(171,50,'SRA3 (32X45)',0.00,'0'),(172,50,'A3+ (32X48)',0.00,'0'),(173,50,'B4 (25.7X36.4)',0.00,'0'),(174,50,'B5 (18.2X25.7)',0.00,'0'),(175,50,'A5 (14.8X21)',0.00,'0'),(176,50,'B6 (12.8X18.2)',0.00,'0'),(177,50,'A6 (10.5X14.8)',0.00,'0'),(188,52,'A4 (21X29.7)',0.00,'0'),(189,52,'F4 (21.5X33)',0.00,'0'),(190,52,'A3 (29.7X42)',0.00,'0'),(191,52,'SRA3 (32X45)',0.00,'0'),(192,52,'A3+ (32X48)',0.00,'0'),(193,52,'B4 (25.7X36.4)',0.00,'0'),(194,52,'B5 (18.2X25.7)',0.00,'0'),(195,52,'A5 (14.8X21)',0.00,'0'),(196,52,'B6 (12.8X18.2)',0.00,'0'),(197,52,'A6 (10.5X14.8)',0.00,'0'),(198,53,'A4 (21X29.7)',0.00,'0'),(199,53,'F4 (21.5X33)',0.00,'0'),(200,53,'A3 (29.7X42)',0.00,'0'),(201,53,'SRA3 (32X45)',0.00,'0'),(202,53,'A3+ (32X48)',0.00,'0'),(203,53,'B4 (25.7X36.4)',0.00,'0'),(204,53,'B5 (18.2X25.7)',0.00,'0'),(205,53,'A5 (14.8X21)',0.00,'0'),(206,53,'B6 (12.8X18.2)',0.00,'0'),(207,53,'A6 (10.5X14.8)',0.00,'0'),(208,54,'A4 (21X29.7)',0.00,'0'),(209,54,'F4 (21.5X33)',0.00,'0'),(210,54,'A3 (29.7X42)',0.00,'0'),(211,54,'SRA3 (32X45)',0.00,'0'),(212,54,'A3+ (32X48)',0.00,'0'),(213,54,'B4 (25.7X36.4)',0.00,'0'),(214,54,'B5 (18.2X25.7)',0.00,'0'),(215,54,'A5 (14.8X21)',0.00,'0'),(216,54,'B6 (12.8X18.2)',0.00,'0'),(217,54,'A6 (10.5X14.8)',0.00,'0'),(218,55,'A4 (21X29.7)',0.00,'0'),(219,55,'F4 (21.5X33)',0.00,'0'),(220,55,'A3 (29.7X42)',0.00,'0'),(221,55,'SRA3 (32X45)',0.00,'0'),(222,55,'A3+ (32X48)',0.00,'0'),(223,55,'B4 (25.7X36.4)',0.00,'0'),(224,55,'B5 (18.2X25.7)',0.00,'0'),(225,55,'A5 (14.8X21)',0.00,'0'),(226,55,'B6 (12.8X18.2)',0.00,'0'),(227,55,'A6 (10.5X14.8)',0.00,'0'),(268,60,'A4 (21X29.7)',0.00,'0'),(269,60,'F4 (21.5X33)',0.00,'0'),(270,60,'A3 (29.7X42)',0.00,'0'),(271,60,'SRA3 (32X45)',0.00,'0'),(272,60,'A3+ (32X48)',0.00,'0'),(273,60,'B4 (25.7X36.4)',0.00,'0'),(274,60,'B5 (18.2X25.7)',0.00,'0'),(275,60,'A5 (14.8X21)',0.00,'0'),(276,60,'B6 (12.8X18.2)',0.00,'0'),(277,60,'A6 (10.5X14.8)',0.00,'0'),(278,61,'A4 (21X29.7)',0.00,'0'),(279,61,'F4 (21.5X33)',0.00,'0'),(280,61,'A3 (29.7X42)',0.00,'0'),(281,61,'SRA3 (32X45)',0.00,'0'),(282,61,'A3+ (32X48)',0.00,'0'),(283,61,'B4 (25.7X36.4)',0.00,'0'),(284,61,'B5 (18.2X25.7)',0.00,'0'),(285,61,'A5 (14.8X21)',0.00,'0'),(286,61,'B6 (12.8X18.2)',0.00,'0'),(287,61,'A6 (10.5X14.8)',0.00,'0'),(288,62,'A4 (21X29.7)',0.00,'0'),(289,62,'F4 (21.5X33)',0.00,'0'),(290,62,'A3 (29.7X42)',0.00,'0'),(291,62,'SRA3 (32X45)',0.00,'0'),(292,62,'A3+ (32X48)',0.00,'0'),(293,62,'B4 (25.7X36.4)',0.00,'0'),(294,62,'B5 (18.2X25.7)',0.00,'0'),(295,62,'A5 (14.8X21)',0.00,'0'),(296,62,'B6 (12.8X18.2)',0.00,'0'),(297,62,'A6 (10.5X14.8)',0.00,'0'),(308,64,'A4 (21X29.7)',0.00,'0'),(309,64,'F4 (21.5X33)',0.00,'0'),(310,64,'A3 (29.7X42)',0.00,'0'),(311,64,'SRA3 (32X45)',0.00,'0'),(312,64,'A3+ (32X48)',0.00,'0'),(313,64,'B4 (25.7X36.4)',0.00,'0'),(314,64,'B5 (18.2X25.7)',0.00,'0'),(315,64,'A5 (14.8X21)',0.00,'0'),(316,64,'B6 (12.8X18.2)',0.00,'0'),(317,64,'A6 (10.5X14.8)',0.00,'0'),(358,69,'A4 (21X29.7)',0.00,'0'),(359,69,'F4 (21.5X33)',0.00,'0'),(360,69,'A3 (29.7X42)',0.00,'0'),(361,69,'SRA3 (32X45)',0.00,'0'),(362,69,'A3+ (32X48)',0.00,'0'),(363,69,'B4 (25.7X36.4)',0.00,'0'),(364,69,'B5 (18.2X25.7)',0.00,'0'),(365,69,'A5 (14.8X21)',0.00,'0'),(366,69,'B6 (12.8X18.2)',0.00,'0'),(367,69,'A6 (10.5X14.8)',0.00,'0'),(368,70,'A4 (21X29.7)',0.00,'0'),(369,70,'F4 (21.5X33)',0.00,'0'),(370,70,'A3 (29.7X42)',0.00,'0'),(371,70,'SRA3 (32X45)',0.00,'0'),(372,70,'A3+ (32X48)',0.00,'0'),(373,70,'B4 (25.7X36.4)',0.00,'0'),(374,70,'B5 (18.2X25.7)',0.00,'0'),(375,70,'A5 (14.8X21)',0.00,'0'),(376,70,'B6 (12.8X18.2)',0.00,'0'),(377,70,'A6 (10.5X14.8)',0.00,'0'),(378,71,'A4 (21X29.7)',0.00,'0'),(379,71,'F4 (21.5X33)',0.00,'0'),(380,71,'A3 (29.7X42)',0.00,'0'),(381,71,'SRA3 (32X45)',0.00,'0'),(382,71,'A3+ (32X48)',0.00,'0'),(383,71,'B4 (25.7X36.4)',0.00,'0'),(384,71,'B5 (18.2X25.7)',0.00,'0'),(385,71,'A5 (14.8X21)',0.00,'0'),(386,71,'B6 (12.8X18.2)',0.00,'0'),(387,71,'A6 (10.5X14.8)',0.00,'0'),(388,72,'A4 (21X29.7)',0.00,'0'),(389,72,'F4 (21.5X33)',0.00,'0'),(390,72,'A3 (29.7X42)',0.00,'0'),(391,72,'SRA3 (32X45)',0.00,'0'),(392,72,'A3+ (32X48)',0.00,'0'),(393,72,'B4 (25.7X36.4)',0.00,'0'),(394,72,'B5 (18.2X25.7)',0.00,'0'),(395,72,'A5 (14.8X21)',0.00,'0'),(396,72,'B6 (12.8X18.2)',0.00,'0'),(397,72,'A6 (10.5X14.8)',0.00,'0'),(448,78,'A4 (21X29.7)',0.00,'0'),(449,78,'F4 (21.5X33)',0.00,'0'),(450,78,'A3 (29.7X42)',0.00,'0'),(451,78,'SRA3 (32X45)',0.00,'0'),(452,78,'A3+ (32X48)',0.00,'0'),(453,78,'B4 (25.7X36.4)',0.00,'0'),(454,78,'B5 (18.2X25.7)',0.00,'0'),(455,78,'A5 (14.8X21)',0.00,'0'),(456,78,'B6 (12.8X18.2)',0.00,'0'),(457,78,'A6 (10.5X14.8)',0.00,'0'),(468,44,'A4 (21X29.7)',500.00,'0'),(469,44,'F4 (21.5X33)',500.00,'0'),(470,44,'A3 (29.7X42)',1100.00,'0'),(471,44,'SRA3 (32X45)',1100.00,'0'),(472,44,'A3+ (32X48)',1375.00,'0'),(473,44,'B4 (25.7X36.4)',688.00,'0'),(474,44,'B5 (18.2X25.7)',344.00,'0'),(475,44,'A5 (14.8X21)',212.00,'0'),(476,44,'B6 (12.8X18.2)',162.00,'0'),(477,44,'A6 (10.5X14.8)',106.00,'0'),(478,43,'A4 (21X29.7)',591.00,'0'),(479,43,'F4 (21.5X33)',591.00,'0'),(480,43,'A3 (29.7X42)',1300.00,'0'),(481,43,'SRA3 (32X45)',1300.00,'0'),(482,43,'A3+ (32X48)',1625.00,'0'),(483,43,'B4 (25.7X36.4)',813.00,'0'),(484,43,'B5 (18.2X25.7)',407.00,'0'),(485,43,'A5 (14.8X21)',250.00,'0'),(486,43,'B6 (12.8X18.2)',192.00,'0'),(487,43,'A6 (10.5X14.8)',125.00,'0'),(498,45,'A4 (21X29.7)',637.00,'0'),(499,45,'F4 (21.5X33)',637.00,'0'),(500,45,'A3 (29.7X42)',1400.00,'0'),(501,45,'SRA3 (32X45)',1400.00,'0'),(502,45,'A3+ (32X48)',1750.00,'0'),(503,45,'B4 (25.7X36.4)',875.00,'0'),(504,45,'B5 (18.2X25.7)',438.00,'0'),(505,45,'A5 (14.8X21)',270.00,'0'),(506,45,'B6 (12.8X18.2)',206.00,'0'),(507,45,'A6 (10.5X14.8)',135.00,'0'),(508,46,'A4 (21X29.7)',681.82,'0'),(509,46,'F4 (21.5X33)',681.82,'0'),(510,46,'A3 (29.7X42)',1500.00,'0'),(511,46,'SRA3 (32X45)',1500.00,'0'),(512,46,'A3+ (32X48)',1875.00,'0'),(513,46,'B4 (25.7X36.4)',937.50,'0'),(514,46,'B5 (18.2X25.7)',468.75,'0'),(515,46,'A5 (14.8X21)',288.46,'0'),(516,46,'B6 (12.8X18.2)',220.58,'0'),(517,46,'A6 (10.5X14.8)',144.23,'0'),(518,47,'A4 (21X29.7)',818.18,'0'),(519,47,'F4 (21.5X33)',818.18,'0'),(520,47,'A3 (29.7X42)',1800.00,'0'),(521,47,'SRA3 (32X45)',1800.00,'0'),(522,47,'A3+ (32X48)',2250.00,'0'),(523,47,'B4 (25.7X36.4)',1125.00,'0'),(524,47,'B5 (18.2X25.7)',562.50,'0'),(525,47,'A5 (14.8X21)',346.15,'0'),(526,47,'B6 (12.8X18.2)',264.70,'0'),(527,47,'A6 (10.5X14.8)',173.07,'0'),(528,37,'A4 (21X29.7)',272.72,'0'),(529,37,'F4 (21.5X33)',272.72,'0'),(530,37,'A3 (29.7X42)',600.00,'0'),(531,37,'SRA3 (32X45)',600.00,'0'),(532,37,'A3+ (32X48)',750.00,'0'),(533,37,'B4 (25.7X36.4)',375.00,'0'),(534,37,'B5 (18.2X25.7)',187.50,'0'),(535,37,'A5 (14.8X21)',115.38,'0'),(536,37,'B6 (12.8X18.2)',88.23,'0'),(537,37,'A6 (10.5X14.8)',57.69,'0'),(538,41,'A4 (21X29.7)',363.63,'0'),(539,41,'F4 (21.5X33)',363.63,'0'),(540,41,'A3 (29.7X42)',800.00,'0'),(541,41,'SRA3 (32X45)',800.00,'0'),(542,41,'A3+ (32X48)',1000.00,'0'),(543,41,'B4 (25.7X36.4)',500.00,'0'),(544,41,'B5 (18.2X25.7)',250.00,'0'),(545,41,'A5 (14.8X21)',153.84,'0'),(546,41,'B6 (12.8X18.2)',117.64,'0'),(547,41,'A6 (10.5X14.8)',76.92,'0'),(548,39,'A4 (21X29.7)',363.63,'0'),(549,39,'F4 (21.5X33)',363.63,'0'),(550,39,'A3 (29.7X42)',800.00,'0'),(551,39,'SRA3 (32X45)',800.00,'0'),(552,39,'A3+ (32X48)',1000.00,'0'),(553,39,'B4 (25.7X36.4)',500.00,'0'),(554,39,'B5 (18.2X25.7)',250.00,'0'),(555,39,'A5 (14.8X21)',153.84,'0'),(556,39,'B6 (12.8X18.2)',117.64,'0'),(557,39,'A6 (10.5X14.8)',76.92,'0'),(558,42,'A4 (21X29.7)',409.09,'0'),(559,42,'F4 (21.5X33)',409.09,'0'),(560,42,'A3 (29.7X42)',900.00,'0'),(561,42,'SRA3 (32X45)',900.00,'0'),(562,42,'A3+ (32X48)',1125.00,'0'),(563,42,'B4 (25.7X36.4)',562.50,'0'),(564,42,'B5 (18.2X25.7)',281.25,'0'),(565,42,'A5 (14.8X21)',173.07,'0'),(566,42,'B6 (12.8X18.2)',132.35,'0'),(567,42,'A6 (10.5X14.8)',86.53,'0'),(568,56,'A4 (21X29.7)',590.90,'0'),(569,56,'F4 (21.5X33)',590.90,'0'),(570,56,'A3 (29.7X42)',1300.00,'0'),(571,56,'SRA3 (32X45)',1300.00,'0'),(572,56,'A3+ (32X48)',1625.00,'0'),(573,56,'B4 (25.7X36.4)',812.50,'0'),(574,56,'B5 (18.2X25.7)',406.25,'0'),(575,56,'A5 (14.8X21)',250.00,'0'),(576,56,'B6 (12.8X18.2)',191.17,'0'),(577,56,'A6 (10.5X14.8)',125.00,'0'),(578,30,'A4 (21X29.7)',590.90,'0'),(579,30,'F4 (21.5X33)',590.90,'0'),(580,30,'A3 (29.7X42)',1300.00,'0'),(581,30,'SRA3 (32X45)',1300.00,'0'),(582,30,'A3+ (32X48)',1625.00,'0'),(583,30,'B4 (25.7X36.4)',812.50,'0'),(584,30,'B5 (18.2X25.7)',406.25,'0'),(585,30,'A5 (14.8X21)',250.00,'0'),(586,30,'B6 (12.8X18.2)',191.17,'0'),(587,30,'A6 (10.5X14.8)',125.00,'0'),(588,34,'A4 (21X29.7)',590.90,'0'),(589,34,'F4 (21.5X33)',590.90,'0'),(590,34,'A3 (29.7X42)',1300.00,'0'),(591,34,'SRA3 (32X45)',1300.00,'0'),(592,34,'A3+ (32X48)',1625.00,'0'),(593,34,'B4 (25.7X36.4)',812.50,'0'),(594,34,'B5 (18.2X25.7)',406.25,'0'),(595,34,'A5 (14.8X21)',250.00,'0'),(596,34,'B6 (12.8X18.2)',191.17,'0'),(597,34,'A6 (10.5X14.8)',125.00,'0'),(598,36,'A4 (21X29.7)',590.90,'0'),(599,36,'F4 (21.5X33)',590.90,'0'),(600,36,'A3 (29.7X42)',1300.00,'0'),(601,36,'SRA3 (32X45)',1300.00,'0'),(602,36,'A3+ (32X48)',1625.00,'0'),(603,36,'B4 (25.7X36.4)',812.50,'0'),(604,36,'B5 (18.2X25.7)',406.25,'0'),(605,36,'A5 (14.8X21)',250.00,'0'),(606,36,'B6 (12.8X18.2)',191.17,'0'),(607,36,'A6 (10.5X14.8)',125.00,'0'),(608,57,'A4 (21X29.7)',590.90,'0'),(609,57,'F4 (21.5X33)',590.90,'0'),(610,57,'A3 (29.7X42)',1300.00,'0'),(611,57,'SRA3 (32X45)',1300.00,'0'),(612,57,'A3+ (32X48)',1625.00,'0'),(613,57,'B4 (25.7X36.4)',812.50,'0'),(614,57,'B5 (18.2X25.7)',406.25,'0'),(615,57,'A5 (14.8X21)',250.00,'0'),(616,57,'B6 (12.8X18.2)',191.17,'0'),(617,57,'A6 (10.5X14.8)',125.00,'0'),(618,58,'A4 (21X29.7)',681.82,'0'),(619,58,'F4 (21.5X33)',681.82,'0'),(620,58,'A3 (29.7X42)',1500.00,'0'),(621,58,'SRA3 (32X45)',1500.00,'0'),(622,58,'A3+ (32X48)',1875.00,'0'),(623,58,'B4 (25.7X36.4)',937.50,'0'),(624,58,'B5 (18.2X25.7)',468.75,'0'),(625,58,'A5 (14.8X21)',288.47,'0'),(626,58,'B6 (12.8X18.2)',220.59,'0'),(627,58,'A6 (10.5X14.8)',144.24,'0'),(628,59,'A4 (21X29.7)',681.82,'0'),(629,59,'F4 (21.5X33)',681.82,'0'),(630,59,'A3 (29.7X42)',1500.00,'0'),(631,59,'SRA3 (32X45)',1500.00,'0'),(632,59,'A3+ (32X48)',1875.00,'0'),(633,59,'B4 (25.7X36.4)',937.50,'0'),(634,59,'B5 (18.2X25.7)',468.75,'0'),(635,59,'A5 (14.8X21)',288.47,'0'),(636,59,'B6 (12.8X18.2)',220.59,'0'),(637,59,'A6 (10.5X14.8)',144.24,'0'),(638,65,'A4 (21X29.7)',590.91,'0'),(639,65,'F4 (21.5X33)',590.91,'0'),(640,65,'A3 (29.7X42)',1300.00,'0'),(641,65,'SRA3 (32X45)',1300.00,'0'),(642,65,'A3+ (32X48)',1625.00,'0'),(643,65,'B4 (25.7X36.4)',812.50,'0'),(644,65,'B5 (18.2X25.7)',406.26,'0'),(645,65,'A5 (14.8X21)',250.00,'0'),(646,65,'B6 (12.8X18.2)',191.18,'0'),(647,65,'A6 (10.5X14.8)',125.00,'0'),(648,66,'A4 (21X29.7)',0.00,'0'),(649,66,'F4 (21.5X33)',590.91,'0'),(650,66,'A3 (29.7X42)',1300.00,'0'),(651,66,'SRA3 (32X45)',1300.00,'0'),(652,66,'A3+ (32X48)',1625.00,'0'),(653,66,'B4 (25.7X36.4)',0.00,'0'),(654,66,'B5 (18.2X25.7)',0.00,'0'),(655,66,'A5 (14.8X21)',0.00,'0'),(656,66,'B6 (12.8X18.2)',0.00,'0'),(657,66,'A6 (10.5X14.8)',0.00,'0'),(658,67,'A4 (21X29.7)',0.00,'0'),(659,67,'F4 (21.5X33)',590.91,'0'),(660,67,'A3 (29.7X42)',1300.00,'0'),(661,67,'SRA3 (32X45)',1300.00,'0'),(662,67,'A3+ (32X48)',1625.00,'0'),(663,67,'B4 (25.7X36.4)',0.00,'0'),(664,67,'B5 (18.2X25.7)',0.00,'0'),(665,67,'A5 (14.8X21)',0.00,'0'),(666,67,'B6 (12.8X18.2)',0.00,'0'),(667,67,'A6 (10.5X14.8)',0.00,'0'),(668,68,'A4 (21X29.7)',0.00,'0'),(669,68,'F4 (21.5X33)',590.91,'0'),(670,68,'A3 (29.7X42)',1300.00,'0'),(671,68,'SRA3 (32X45)',1300.00,'0'),(672,68,'A3+ (32X48)',1625.00,'0'),(673,68,'B4 (25.7X36.4)',0.00,'0'),(674,68,'B5 (18.2X25.7)',0.00,'0'),(675,68,'A5 (14.8X21)',0.00,'0'),(676,68,'B6 (12.8X18.2)',0.00,'0'),(677,68,'A6 (10.5X14.8)',0.00,'0'),(678,51,'A4 (21X29.7)',0.00,'0'),(679,51,'F4 (21.5X33)',545.46,'0'),(680,51,'A3 (29.7X42)',1200.00,'0'),(681,51,'SRA3 (32X45)',1200.00,'0'),(682,51,'A3+ (32X48)',1500.00,'0'),(683,51,'B4 (25.7X36.4)',0.00,'0'),(684,51,'B5 (18.2X25.7)',0.00,'0'),(685,51,'A5 (14.8X21)',0.00,'0'),(686,51,'B6 (12.8X18.2)',0.00,'0'),(687,51,'A6 (10.5X14.8)',0.00,'0'),(688,38,'A4 (21X29.7)',0.00,'0'),(689,38,'F4 (21.5X33)',277.78,'0'),(690,38,'A3 (29.7X42)',625.00,'0'),(691,38,'SRA3 (32X45)',625.00,'0'),(692,38,'A3+ (32X48)',625.00,'0'),(693,38,'B4 (25.7X36.4)',0.00,'0'),(694,38,'B5 (18.2X25.7)',0.00,'0'),(695,38,'A5 (14.8X21)',0.00,'0'),(696,38,'B6 (12.8X18.2)',0.00,'0'),(697,38,'A6 (10.5X14.8)',0.00,'0'),(698,40,'A4 (21X29.7)',0.00,'0'),(699,40,'F4 (21.5X33)',388.89,'0'),(700,40,'A3 (29.7X42)',875.00,'0'),(701,40,'SRA3 (32X45)',875.00,'0'),(702,40,'A3+ (32X48)',875.00,'0'),(703,40,'B4 (25.7X36.4)',0.00,'0'),(704,40,'B5 (18.2X25.7)',0.00,'0'),(705,40,'A5 (14.8X21)',0.00,'0'),(706,40,'B6 (12.8X18.2)',0.00,'0'),(707,40,'A6 (10.5X14.8)',0.00,'0'),(758,73,'A4 (21X29.7)',5500.00,'0'),(759,73,'F4 (21.5X33)',5500.00,'0'),(760,73,'A3 (29.7X42)',0.00,'0'),(761,73,'SRA3 (32X45)',0.00,'0'),(762,73,'A3+ (32X48)',0.00,'0'),(763,73,'B4 (25.7X36.4)',0.00,'0'),(764,73,'B5 (18.2X25.7)',0.00,'0'),(765,73,'A5 (14.8X21)',0.00,'0'),(766,73,'B6 (12.8X18.2)',0.00,'0'),(767,73,'A6 (10.5X14.8)',0.00,'0'),(768,74,'A4 (21X29.7)',5500.00,'0'),(769,74,'F4 (21.5X33)',5500.00,'0'),(770,74,'A3 (29.7X42)',0.00,'0'),(771,74,'SRA3 (32X45)',0.00,'0'),(772,74,'A3+ (32X48)',0.00,'0'),(773,74,'B4 (25.7X36.4)',0.00,'0'),(774,74,'B5 (18.2X25.7)',0.00,'0'),(775,74,'A5 (14.8X21)',0.00,'0'),(776,74,'B6 (12.8X18.2)',0.00,'0'),(777,74,'A6 (10.5X14.8)',0.00,'0'),(778,75,'A4 (21X29.7)',5500.00,'0'),(779,75,'F4 (21.5X33)',5500.00,'0'),(780,75,'A3 (29.7X42)',0.00,'0'),(781,75,'SRA3 (32X45)',0.00,'0'),(782,75,'A3+ (32X48)',0.00,'0'),(783,75,'B4 (25.7X36.4)',0.00,'0'),(784,75,'B5 (18.2X25.7)',0.00,'0'),(785,75,'A5 (14.8X21)',0.00,'0'),(786,75,'B6 (12.8X18.2)',0.00,'0'),(787,75,'A6 (10.5X14.8)',0.00,'0'),(788,76,'A4 (21X29.7)',5500.00,'0'),(789,76,'F4 (21.5X33)',5500.00,'0'),(790,76,'A3 (29.7X42)',0.00,'0'),(791,76,'SRA3 (32X45)',0.00,'0'),(792,76,'A3+ (32X48)',0.00,'0'),(793,76,'B4 (25.7X36.4)',0.00,'0'),(794,76,'B5 (18.2X25.7)',0.00,'0'),(795,76,'A5 (14.8X21)',0.00,'0'),(796,76,'B6 (12.8X18.2)',0.00,'0'),(797,76,'A6 (10.5X14.8)',0.00,'0'),(808,77,'A4 (21X29.7)',5500.00,'0'),(809,77,'F4 (21.5X33)',5500.00,'0'),(810,77,'A3 (29.7X42)',0.00,'0'),(811,77,'SRA3 (32X45)',0.00,'0'),(812,77,'A3+ (32X48)',0.00,'0'),(813,77,'B4 (25.7X36.4)',0.00,'0'),(814,77,'B5 (18.2X25.7)',0.00,'0'),(815,77,'A5 (14.8X21)',0.00,'0'),(816,77,'B6 (12.8X18.2)',0.00,'0'),(817,77,'A6 (10.5X14.8)',0.00,'0'),(819,79,'BEBAS',1.00,'0'),(830,63,'A4 (21X29.7)',0.00,'0'),(831,63,'F4 (21.5X33)',0.00,'0'),(832,63,'A3 (29.7X42)',0.00,'0'),(833,63,'SRA3 (32X45)',0.00,'0'),(834,63,'A3+ (32X48)',0.00,'0'),(835,63,'B4 (25.7X36.4)',0.00,'0'),(836,63,'B5 (18.2X25.7)',0.00,'0'),(837,63,'A5 (14.8X21)',0.00,'0'),(838,63,'B6 (12.8X18.2)',0.00,'0'),(839,63,'A6 (10.5X14.8)',0.00,'0');
/*!40000 ALTER TABLE `tbm_barang_harga_potongan` ENABLE KEYS */;
UNLOCK TABLES;

--
-- Table structure for table `tbm_cetakan`
--

DROP TABLE IF EXISTS `tbm_cetakan`;
/*!40101 SET @saved_cs_client     = @@character_set_client */;
/*!40101 SET character_set_client = utf8 */;
CREATE TABLE `tbm_cetakan` (
  `id` int(11) NOT NULL AUTO_INCREMENT,
  `nama_cetakan` varchar(60) DEFAULT '0',
  `kategori_cetakan` int(11) DEFAULT NULL,
  `jns_tinta` char(1) DEFAULT '0',
  `hrg_tinta` float(11,2) DEFAULT NULL,
  `jns_laminasi` char(1) DEFAULT '0',
  `hrg_laminasi` float(11,2) DEFAULT NULL,
  `total_bahan` float(11,2) DEFAULT NULL,
  `total_param` float(11,2) DEFAULT NULL,
  `total_modal` float(11,2) DEFAULT NULL,
  `total_persen` float(11,2) DEFAULT NULL,
  `subtotal` float(11,2) DEFAULT '0.00',
  `total_harga_jual` float(11,2) DEFAULT NULL,
  `deleted` char(1) DEFAULT '0',
  PRIMARY KEY (`id`)
) ENGINE=InnoDB AUTO_INCREMENT=62 DEFAULT CHARSET=utf8;
/*!40101 SET character_set_client = @saved_cs_client */;

--
-- Dumping data for table `tbm_cetakan`
--

LOCK TABLES `tbm_cetakan` WRITE;
/*!40000 ALTER TABLE `tbm_cetakan` DISABLE KEYS */;
INSERT INTO `tbm_cetakan` VALUES (1,'Brosur A4 120 (2 sisi) Laminasi',2,'0',2000.00,'0',1500.00,272.72,1681.82,5454.54,545.45,5999.99,7000.00,'0'),(2,'Brosur A4 120 (1 sisi) Laminasi',2,'0',2000.00,'0',1500.00,272.72,772.73,4545.45,454.55,4999.99,5000.00,'0'),(3,'NCR RKP 6 ( ISI 50 LEMBAR) F4',5,'2',36000.00,'0',0.00,33000.00,40090.91,109090.91,10909.09,0.00,120000.00,'0'),(4,'NCR RKP 6 ( ISI 50 LEMBAR) F4/2',5,'2',18000.00,'4',0.00,27500.00,9045.45,54545.45,5454.55,0.00,60000.00,'0'),(5,'NCR RKP 6 ( ISI 50 LEMBAR) F4/3',5,'2',19863.64,'4',0.00,16500.00,0.00,36363.64,3636.36,0.00,40000.00,'0'),(6,'NCR RKP 6 ( ISI 50 LEMBAR) F4/4',5,'2',5272.73,'4',0.00,22000.00,0.00,27272.73,2727.27,0.00,30000.00,'0'),(7,'NCR RKP 5 ( ISI 50 LEMBAR) F4',5,'2',63409.09,'4',0.00,27500.00,0.00,90909.09,9090.91,0.00,100000.00,'0'),(8,'NCR RKP 5 ( ISI 50 LEMBAR) F4/2',5,'2',17954.55,'4',0.00,27500.00,0.00,45454.55,4545.45,0.00,50000.00,'0'),(9,'NCR RKP 5 ( ISI 50 LEMBAR) F4/3',5,'2',4318.18,'4',0.00,27500.00,0.00,31818.18,3181.82,0.00,35000.00,'0'),(10,'NCR RKP 5 ( ISI 50 LEMBAR) F4/4',5,'2',727.27,'4',0.00,22000.00,0.00,22727.27,2272.73,0.00,25000.00,'0'),(11,'NCR RKP 4 ( ISI 50 LEMBAR) F4',5,'2',50727.27,'4',0.00,22000.00,0.00,72727.27,7272.73,0.00,80000.00,'0'),(12,'test',2,'0',2000.00,'0',1500.00,590.90,0.00,4090.90,409.09,4499.99,4500.00,'1'),(13,'NCR RKP 4 ( ISI 50 LEMBAR) F4/2',5,'2',9000.00,'4',0.00,22000.00,0.00,31000.00,3100.00,34100.00,40000.00,'0'),(14,'NCR RKP 4 ( ISI 50 LEMBAR) F4/3',5,'2',4500.00,'4',0.00,16500.00,0.00,21000.00,2100.00,23100.00,30000.00,'0'),(15,'NCR RKP 4 ( ISI 50 LEMBAR) F4/4',5,'2',3000.00,'4',0.00,11000.00,0.00,14000.00,1400.00,15400.00,20000.00,'0'),(16,'NCR RKP 3 ( ISI 50 LEMBAR) F4',5,'2',18000.00,'4',0.00,16500.00,6000.00,40500.00,4050.00,44550.00,60000.00,'0'),(17,'NCR RKP 3 ( ISI 50 LEMBAR) F4/2',5,'2',9000.00,'4',0.00,16500.00,0.00,25500.00,2550.00,28050.00,30000.00,'0'),(18,'NCR RKP 3 ( ISI 50 LEMBAR) F4/3',5,'2',4500.00,'4',0.00,5500.00,0.00,10000.00,1000.00,11000.00,25000.00,'0'),(19,'NCR RKP 3 ( ISI 50 LEMBAR) F4/4',5,'2',2250.00,'4',0.00,5500.00,0.00,7750.00,775.00,8525.00,20000.00,'0'),(20,'NCR RKP 2 ( ISI 50 LEMBAR) F4',5,'2',9000.00,'4',0.00,11000.00,0.00,20000.00,2000.00,22000.00,50000.00,'0'),(21,'NCR RKP 2 ( ISI 50 LEMBAR) F4/2',5,'2',4500.00,'4',0.00,11000.00,0.00,15500.00,1550.00,17050.00,25000.00,'0'),(22,'NCR RKP 2 ( ISI 50 LEMBAR) F4/3',5,'2',2250.00,'4',0.00,5500.00,0.00,7750.00,775.00,8525.00,20000.00,'0'),(23,'NCR RKP 2 ( ISI 50 LEMBAR) F4/4',5,'2',2500.00,'4',0.00,5500.00,0.00,8000.00,800.00,8800.00,15000.00,'0'),(24,'Brosur A4 120 (1 sisi) NON Laminasi',2,'2',1000.00,'0',0.00,600.00,0.00,1600.00,160.00,1760.00,4000.00,'0'),(25,'Brosur A4 120 (2 sisi) NON Laminasi',2,'0',2000.00,'0',0.00,272.72,0.00,2272.72,227.27,2499.99,6000.00,'0'),(26,'LEAFLET A5 120 (1 SISI) NON LAMINASI',2,'2',1000.00,'0',0.00,115.38,0.00,1115.38,111.54,1226.92,2000.00,'0'),(27,'LEAFLET A5 120 (2 SISI) NON LAMINASI',2,'0',2000.00,'4',0.00,115.38,0.00,2115.38,211.54,2326.92,3000.00,'0'),(28,'LEAFLET A5 120 (1 SISI) LAMINASI',2,'0',2000.00,'4',0.00,115.38,0.00,2115.38,211.54,2326.92,2500.00,'0'),(29,'LEAFLET A5 120 (2 SISI) LAMINASI',2,'0',2000.00,'0',1500.00,115.38,0.00,3615.38,361.54,3976.92,4000.00,'0'),(30,'POSTER A3+ 230GSM',2,'0',2000.00,'4',0.00,1625.00,0.00,3625.00,362.50,3987.50,10000.00,'0'),(31,'POSTER A3+ 260GSM',2,'0',2000.00,'4',0.00,1750.00,0.00,3750.00,375.00,4125.00,11000.00,'0'),(32,'CETAK 1 SISI',1,'0',2000.00,'4',0.00,1.00,0.00,2001.00,200.10,2201.10,5000.00,'0'),(33,'CETAK 2 SISI',1,'1',4000.00,'4',0.00,1.00,0.00,4001.00,400.10,4401.10,7000.00,'0'),(34,'CETAK 1 SISI LAMINASI',1,'0',2000.00,'0',1500.00,1.00,0.00,3501.00,350.10,3851.10,6000.00,'0'),(35,'CETAK 2 SISI LAMINASI',1,'1',4000.00,'0',3000.00,1.00,0.00,7001.00,700.10,7701.10,10000.00,'0'),(36,'STRIPING MOTOR',3,'2',200000.00,'4',0.00,1.00,0.00,200001.00,20000.10,220001.09,450000.00,'0'),(37,'CUTTING STIKER/M (NON PASANG)',3,'2',10.00,'0',0.00,1.00,0.00,11.00,1.10,12.10,635000.00,'0'),(38,'CUTTING STIKER/M + PASANG',3,'2',10.00,'0',0.00,1.00,0.00,11.00,1.10,12.10,750000.00,'0'),(39,'STIKER CHINA /M + LAMINASI BIASA',3,'2',10.00,'4',0.00,1.00,0.00,11.00,1.10,12.10,200000.00,'0'),(40,'STIKER BIASA /M + LAMINASI TEBAL',3,'2',10.00,'0',0.00,1.00,0.00,11.00,1.10,12.10,250000.00,'0'),(41,'STIKER BRAND /M +LAMINASI BIASA',3,'2',10.00,'4',0.00,1.00,0.00,11.00,1.10,12.10,300000.00,'0'),(42,'STIKER BRAND /M + LAMINASI TEBAL',3,'2',10.00,'4',0.00,1.00,0.00,11.00,1.10,12.10,350000.00,'0'),(43,'STANDING BANNER 60CM X 160CM',3,'2',1.00,'0',0.00,1.00,0.00,2.00,0.20,2.20,250000.00,'0'),(44,'ROLL BANNER 60CM X 160CM',3,'2',100.00,'4',0.00,1.00,0.00,101.00,10.10,111.10,400000.00,'0'),(45,'LAMINASI PANAS A3+ (1 SISI)',4,'0',2000.00,'4',0.00,1.00,0.00,2001.00,200.10,2201.10,2000.00,'0'),(46,'LAMINASI PANAS A3+ (2 SISI)',4,'0',2000.00,'0',0.00,1.00,0.00,2001.00,200.10,2201.10,3000.00,'0'),(47,'JILID SPIRAL F4 (UK. 1/4)',4,'0',2000.00,'0',0.00,1.00,0.00,2001.00,200.10,2201.10,5000.00,'0'),(48,'JILID SPIRAL F4 (UK. 3/8)',4,'0',2000.00,'0',0.00,1.00,0.00,2001.00,200.10,2201.10,6000.00,'0'),(49,'JILID SPIRAL F4 (UK. 7/16)',4,'0',2000.00,'0',0.00,1.00,0.00,2001.00,200.10,2201.10,7000.00,'0'),(50,'JILID SPIRAL F4 (UK. 1/2)',4,'0',2000.00,'0',1500.00,1.00,0.00,3501.00,350.10,3851.10,8000.00,'0'),(51,'SIPRAL KALENDER DINDING A3 (UK. 1/4)',4,'0',2000.00,'0',1500.00,1.00,0.00,3501.00,350.10,3851.10,8000.00,'0'),(52,'SIPRAL KALENDER DINDING A3 (UK. 3/8)',4,'0',2000.00,'0',1500.00,1.00,0.00,3501.00,350.10,3851.10,10000.00,'0'),(53,'KAWAT BESI KALENDER DINDING',4,'2',10.00,'4',0.00,1.00,0.00,11.00,1.10,12.10,2000.00,'0'),(54,'CETAK B/W A3+ (1 SISI)',1,'2',120.00,'4',0.00,1.00,0.00,121.00,12.10,133.10,1000.00,'0'),(55,'CETAK B/W A3+ (2 SISI)',1,'2',10.00,'4',0.00,1.00,0.00,11.00,1.10,12.10,1500.00,'0'),(56,'STIKER BRAND NON LAMINASI',3,'2',10.00,'4',0.00,1.00,0.00,11.00,1.10,12.10,200000.00,'0'),(57,'STIKER BIASA NON LAMINASI',3,'2',10.00,'4',0.00,1.00,0.00,11.00,1.10,12.10,150000.00,'0'),(58,'LAMINASI DINGIN TEBAL DOFF / GLOSSY',3,'0',2000.00,'0',1500.00,1.00,0.00,3501.00,350.10,3851.10,90000.00,'0'),(59,'LAMINASI DINGIN BIASA DOFF / GLOSSY',3,'0',2000.00,'0',1500.00,1.00,0.00,3501.00,350.10,3851.10,50000.00,'0'),(60,'BAJU KAOS 30S',3,'0',2000.00,'0',1500.00,1.00,0.00,3501.00,350.10,3851.10,150000.00,'0'),(61,'BAJU KAOS WANKI',3,'0',2000.00,'0',1500.00,1.00,0.00,3501.00,350.10,3851.10,160000.00,'0');
/*!40000 ALTER TABLE `tbm_cetakan` ENABLE KEYS */;
UNLOCK TABLES;

--
-- Table structure for table `tbm_cetakan_detail_bahan`
--

DROP TABLE IF EXISTS `tbm_cetakan_detail_bahan`;
/*!40101 SET @saved_cs_client     = @@character_set_client */;
/*!40101 SET character_set_client = utf8 */;
CREATE TABLE `tbm_cetakan_detail_bahan` (
  `id` int(11) NOT NULL AUTO_INCREMENT,
  `id_cetakan` int(11) DEFAULT '0',
  `id_barang` int(11) DEFAULT NULL,
  `ukuran` int(11) DEFAULT NULL,
  `harga` float(11,2) DEFAULT NULL,
  `deleted` char(1) DEFAULT '0',
  PRIMARY KEY (`id`)
) ENGINE=InnoDB AUTO_INCREMENT=142 DEFAULT CHARSET=utf8;
/*!40101 SET character_set_client = @saved_cs_client */;

--
-- Dumping data for table `tbm_cetakan_detail_bahan`
--

LOCK TABLES `tbm_cetakan_detail_bahan` WRITE;
/*!40000 ALTER TABLE `tbm_cetakan_detail_bahan` DISABLE KEYS */;
INSERT INTO `tbm_cetakan_detail_bahan` VALUES (9,3,77,809,5500.00,'0'),(10,3,76,789,5500.00,'0'),(11,3,75,779,5500.00,'0'),(12,3,74,769,5500.00,'0'),(13,3,73,759,5500.00,'0'),(14,3,75,779,5500.00,'0'),(26,4,77,809,5500.00,'0'),(27,4,76,789,5500.00,'0'),(28,4,75,779,5500.00,'0'),(29,4,73,759,5500.00,'0'),(30,4,74,769,5500.00,'0'),(31,5,77,809,5500.00,'0'),(32,5,76,789,5500.00,'0'),(33,5,75,779,5500.00,'0'),(34,6,77,809,5500.00,'0'),(35,6,76,789,5500.00,'0'),(36,6,75,779,5500.00,'0'),(37,6,74,769,5500.00,'0'),(38,7,77,809,5500.00,'0'),(39,7,76,789,5500.00,'0'),(40,7,75,779,5500.00,'0'),(41,7,74,769,5500.00,'0'),(42,7,73,759,5500.00,'0'),(43,8,77,809,5500.00,'0'),(44,8,76,789,5500.00,'0'),(45,8,75,779,5500.00,'0'),(46,8,74,769,5500.00,'0'),(47,8,73,759,5500.00,'0'),(48,9,77,809,5500.00,'0'),(49,9,76,789,5500.00,'0'),(50,9,75,779,5500.00,'0'),(51,9,74,769,5500.00,'0'),(52,9,73,759,5500.00,'0'),(53,10,77,809,5500.00,'0'),(54,10,76,789,5500.00,'0'),(55,10,75,779,5500.00,'0'),(56,10,74,769,5500.00,'0'),(57,11,77,809,5500.00,'0'),(58,11,76,789,5500.00,'0'),(59,11,75,779,5500.00,'0'),(60,11,74,769,5500.00,'0'),(61,12,34,588,590.90,'1'),(62,2,37,528,272.72,'0'),(64,13,77,809,5500.00,'0'),(65,13,76,789,5500.00,'0'),(66,13,75,779,5500.00,'0'),(67,13,74,769,5500.00,'0'),(68,14,77,809,5500.00,'0'),(69,14,76,789,5500.00,'0'),(70,14,75,779,5500.00,'0'),(71,15,77,809,5500.00,'0'),(72,15,76,789,5500.00,'0'),(73,16,77,809,5500.00,'0'),(74,16,76,789,5500.00,'0'),(75,16,75,779,5500.00,'0'),(76,17,77,809,5500.00,'0'),(77,17,76,789,5500.00,'0'),(78,17,75,779,5500.00,'0'),(79,18,77,809,5500.00,'0'),(80,19,77,809,5500.00,'0'),(81,20,77,809,5500.00,'0'),(82,20,76,789,5500.00,'0'),(83,21,77,809,5500.00,'0'),(84,21,76,789,5500.00,'0'),(85,22,77,809,5500.00,'0'),(86,23,77,809,5500.00,'0'),(90,24,37,531,600.00,'0'),(91,1,37,528,272.72,'0'),(92,25,37,528,272.72,'0'),(94,26,37,535,115.38,'0'),(95,27,37,535,115.38,'0'),(96,28,37,535,115.38,'0'),(97,29,37,535,115.38,'0'),(98,30,43,482,1625.00,'0'),(99,31,45,502,1750.00,'0'),(100,32,79,819,1.00,'0'),(101,33,79,819,1.00,'0'),(102,34,79,819,1.00,'0'),(104,36,79,819,1.00,'0'),(108,37,79,819,1.00,'0'),(109,38,79,819,1.00,'0'),(110,39,79,819,1.00,'0'),(112,41,79,819,1.00,'0'),(113,42,79,819,1.00,'0'),(114,40,79,819,1.00,'0'),(116,44,79,819,1.00,'0'),(117,43,79,819,1.00,'0'),(118,45,79,819,1.00,'0'),(120,46,79,819,1.00,'0'),(126,47,79,819,1.00,'0'),(127,48,79,819,1.00,'0'),(128,49,79,819,1.00,'0'),(129,50,79,819,1.00,'0'),(130,51,79,819,1.00,'0'),(131,52,79,819,1.00,'0'),(132,53,79,819,1.00,'0'),(133,54,79,819,1.00,'0'),(134,55,79,819,1.00,'0'),(135,56,79,819,1.00,'0'),(136,57,79,819,1.00,'0'),(137,35,79,819,1.00,'0'),(138,58,79,819,1.00,'0'),(139,59,79,819,1.00,'0'),(140,60,79,819,1.00,'0'),(141,61,79,819,1.00,'0');
/*!40000 ALTER TABLE `tbm_cetakan_detail_bahan` ENABLE KEYS */;
UNLOCK TABLES;

--
-- Table structure for table `tbm_cetakan_detail_param`
--

DROP TABLE IF EXISTS `tbm_cetakan_detail_param`;
/*!40101 SET @saved_cs_client     = @@character_set_client */;
/*!40101 SET character_set_client = utf8 */;
CREATE TABLE `tbm_cetakan_detail_param` (
  `id` int(11) NOT NULL AUTO_INCREMENT,
  `id_cetakan` int(11) DEFAULT '0',
  `parameter` varchar(100) DEFAULT NULL,
  `harga` float(11,2) DEFAULT NULL,
  `deleted` char(1) DEFAULT '0',
  PRIMARY KEY (`id`)
) ENGINE=InnoDB AUTO_INCREMENT=27 DEFAULT CHARSET=utf8;
/*!40101 SET character_set_client = @saved_cs_client */;

--
-- Dumping data for table `tbm_cetakan_detail_param`
--

LOCK TABLES `tbm_cetakan_detail_param` WRITE;
/*!40000 ALTER TABLE `tbm_cetakan_detail_param` DISABLE KEYS */;
INSERT INTO `tbm_cetakan_detail_param` VALUES (13,3,'LISTRIK',5000.00,'0'),(14,3,'JASA',35090.91,'0'),(15,4,'JASA',9045.45,'0'),(16,2,'Listrik',200.00,'0'),(17,2,'Jasa',572.73,'0'),(20,16,'JASA',2000.00,'0'),(21,16,'LISTRIK',1000.00,'0'),(22,16,'SAMSON',200.00,'0'),(23,16,'LEM',300.00,'0'),(24,16,'POTONG',2500.00,'0'),(25,1,'listrik',200.00,'0'),(26,1,'jasa',1481.82,'0');
/*!40000 ALTER TABLE `tbm_cetakan_detail_param` ENABLE KEYS */;
UNLOCK TABLES;

--
-- Table structure for table `tbm_kategori_cetakan`
--

DROP TABLE IF EXISTS `tbm_kategori_cetakan`;
/*!40101 SET @saved_cs_client     = @@character_set_client */;
/*!40101 SET character_set_client = utf8 */;
CREATE TABLE `tbm_kategori_cetakan` (
  `id` int(11) NOT NULL AUTO_INCREMENT,
  `nama` varchar(255) DEFAULT NULL,
  `deleted` char(1) DEFAULT '0',
  PRIMARY KEY (`id`)
) ENGINE=InnoDB AUTO_INCREMENT=6 DEFAULT CHARSET=utf8;
/*!40101 SET character_set_client = @saved_cs_client */;

--
-- Dumping data for table `tbm_kategori_cetakan`
--

LOCK TABLES `tbm_kategori_cetakan` WRITE;
/*!40000 ALTER TABLE `tbm_kategori_cetakan` DISABLE KEYS */;
INSERT INTO `tbm_kategori_cetakan` VALUES (1,'Print Only & Finishing','0'),(2,'Print All','0'),(3,'Roland','0'),(4,'Finishing','0'),(5,'NCR','0');
/*!40000 ALTER TABLE `tbm_kategori_cetakan` ENABLE KEYS */;
UNLOCK TABLES;

--
-- Table structure for table `tbm_menu`
--

DROP TABLE IF EXISTS `tbm_menu`;
/*!40101 SET @saved_cs_client     = @@character_set_client */;
/*!40101 SET character_set_client = utf8 */;
CREATE TABLE `tbm_menu` (
  `id` int(11) NOT NULL AUTO_INCREMENT,
  `parent_id` int(11) DEFAULT '0',
  `nama` varchar(255) DEFAULT NULL,
  `link` varchar(255) DEFAULT NULL,
  `icon` varchar(255) DEFAULT NULL,
  `aktif` char(1) DEFAULT '1',
  `deleted` char(1) DEFAULT '0',
  PRIMARY KEY (`id`)
) ENGINE=InnoDB AUTO_INCREMENT=26 DEFAULT CHARSET=utf8;
/*!40101 SET character_set_client = @saved_cs_client */;

--
-- Dumping data for table `tbm_menu`
--

LOCK TABLES `tbm_menu` WRITE;
/*!40000 ALTER TABLE `tbm_menu` DISABLE KEYS */;
INSERT INTO `tbm_menu` VALUES (1,0,'Master Data',NULL,'entypo-cog','1','0'),(5,1,'Master Pelanggan','Master.MasterPelanggan',NULL,'1','0'),(7,0,'Transaksi',NULL,'entypo-basket','1','1'),(10,0,'Laporan',NULL,'entypo-doc-text','1','1'),(13,0,'Admin',NULL,'entypo-user','1','0'),(14,13,'User Group','Admin.UserGroup',NULL,'1','0'),(15,13,'User Admin','Admin.UserAdmin',NULL,'1','0'),(17,0,'Inventory',NULL,'entypo-folder','1','1'),(25,13,'Profil Perusahaan','Admin.ProfilPerusahaan',NULL,'1','0');
/*!40000 ALTER TABLE `tbm_menu` ENABLE KEYS */;
UNLOCK TABLES;

--
-- Table structure for table `tbm_pelanggan`
--

DROP TABLE IF EXISTS `tbm_pelanggan`;
/*!40101 SET @saved_cs_client     = @@character_set_client */;
/*!40101 SET character_set_client = utf8 */;
CREATE TABLE `tbm_pelanggan` (
  `id` int(11) NOT NULL AUTO_INCREMENT,
  `nama` varchar(255) DEFAULT NULL,
  `alamat` varchar(255) DEFAULT NULL,
  `telepon` varchar(16) DEFAULT '',
  `deleted` char(1) DEFAULT '0',
  PRIMARY KEY (`id`)
) ENGINE=InnoDB AUTO_INCREMENT=16 DEFAULT CHARSET=utf8;
/*!40101 SET character_set_client = @saved_cs_client */;

--
-- Dumping data for table `tbm_pelanggan`
--

LOCK TABLES `tbm_pelanggan` WRITE;
/*!40000 ALTER TABLE `tbm_pelanggan` DISABLE KEYS */;
INSERT INTO `tbm_pelanggan` VALUES (1,'Deni Andriansah','JL. SASTRA NO 36A/35A RT 04 RW 07 BANDUNG 40131','085722984816','1'),(2,'Deni Andriansah','Jl. Sastra','67567456454','1'),(3,'AGUS PNG, MR','JAYAPURA','0','0'),(4,'Navara DP','entrop','081248646499','0'),(5,'ALWI CIPTA BUANA','ENTROP','123456','0'),(6,'TRIYADI, MR','ENTROP','789231','0'),(7,'SURI, MRS','JAYAPURA','132456','0'),(8,'MICHAEL PNG, MR','0','0','0'),(9,'VICA, MRS','0','0','0'),(10,'MAJID, MR','0','0','0'),(11,'TUTA, MRS','0','0','0'),(12,'HOTEL DELIMA','0','0','0'),(13,'ZARA DP','','','0'),(14,'NEDY LOOR','','','0'),(15,'BOS','','','0');
/*!40000 ALTER TABLE `tbm_pelanggan` ENABLE KEYS */;
UNLOCK TABLES;

--
-- Table structure for table `tbm_pemasok`
--

DROP TABLE IF EXISTS `tbm_pemasok`;
/*!40101 SET @saved_cs_client     = @@character_set_client */;
/*!40101 SET character_set_client = utf8 */;
CREATE TABLE `tbm_pemasok` (
  `id` int(11) NOT NULL AUTO_INCREMENT,
  `nama` varchar(255) DEFAULT NULL,
  `alamat` varchar(255) DEFAULT NULL,
  `telepon` varchar(16) DEFAULT '',
  `fax` varchar(30) DEFAULT NULL,
  `contact_person` varchar(60) DEFAULT NULL,
  `deleted` char(1) DEFAULT '0',
  PRIMARY KEY (`id`)
) ENGINE=InnoDB AUTO_INCREMENT=3 DEFAULT CHARSET=utf8;
/*!40101 SET character_set_client = @saved_cs_client */;

--
-- Dumping data for table `tbm_pemasok`
--

LOCK TABLES `tbm_pemasok` WRITE;
/*!40000 ALTER TABLE `tbm_pemasok` DISABLE KEYS */;
INSERT INTO `tbm_pemasok` VALUES (1,'PT TARUNA KERTAS','Jl Budi Luhur 3 bandungj\nnisrgterte','0222034556','9981729831','Udeng','1'),(2,'UD. WIJAYA','JL. NGAGEL NO.9\nSURABAYA','','','GUNAWAN','0');
/*!40000 ALTER TABLE `tbm_pemasok` ENABLE KEYS */;
UNLOCK TABLES;

--
-- Table structure for table `tbm_satuan`
--

DROP TABLE IF EXISTS `tbm_satuan`;
/*!40101 SET @saved_cs_client     = @@character_set_client */;
/*!40101 SET character_set_client = utf8 */;
CREATE TABLE `tbm_satuan` (
  `id` int(11) NOT NULL AUTO_INCREMENT,
  `nama` varchar(255) DEFAULT NULL,
  `singkatan` varchar(255) DEFAULT NULL,
  `deleted` char(1) DEFAULT '0',
  PRIMARY KEY (`id`)
) ENGINE=InnoDB AUTO_INCREMENT=12 DEFAULT CHARSET=utf8;
/*!40101 SET character_set_client = @saved_cs_client */;

--
-- Dumping data for table `tbm_satuan`
--

LOCK TABLES `tbm_satuan` WRITE;
/*!40000 ALTER TABLE `tbm_satuan` DISABLE KEYS */;
INSERT INTO `tbm_satuan` VALUES (1,'Lembar','LBR','0'),(3,'Karton','KTN','1'),(4,'RIM','RIM','0'),(5,'Test','Test1','1'),(6,'ROLL','ROLL','0'),(7,'BUNGKUS','BKS','0'),(8,'BOX','BOX','0'),(9,'PLANO','PLN','0'),(10,'BUAH','BH','0'),(11,'Test 7','Test 7','0');
/*!40000 ALTER TABLE `tbm_satuan` ENABLE KEYS */;
UNLOCK TABLES;

--
-- Table structure for table `tbm_user_group`
--

DROP TABLE IF EXISTS `tbm_user_group`;
/*!40101 SET @saved_cs_client     = @@character_set_client */;
/*!40101 SET character_set_client = utf8 */;
CREATE TABLE `tbm_user_group` (
  `id` int(11) NOT NULL AUTO_INCREMENT,
  `nama` varchar(100) DEFAULT NULL,
  `deleted` char(1) DEFAULT '0',
  PRIMARY KEY (`id`)
) ENGINE=InnoDB AUTO_INCREMENT=75 DEFAULT CHARSET=utf8;
/*!40101 SET character_set_client = @saved_cs_client */;

--
-- Dumping data for table `tbm_user_group`
--

LOCK TABLES `tbm_user_group` WRITE;
/*!40000 ALTER TABLE `tbm_user_group` DISABLE KEYS */;
INSERT INTO `tbm_user_group` VALUES (1,'Super Administrator','0'),(2,'Administrator','0'),(3,'Operator','0'),(72,'Operator Transaksi','1'),(73,'Operator Transaksi','0'),(74,'Kasir','0');
/*!40000 ALTER TABLE `tbm_user_group` ENABLE KEYS */;
UNLOCK TABLES;

--
-- Table structure for table `tbm_user_menu_group`
--

DROP TABLE IF EXISTS `tbm_user_menu_group`;
/*!40101 SET @saved_cs_client     = @@character_set_client */;
/*!40101 SET character_set_client = utf8 */;
CREATE TABLE `tbm_user_menu_group` (
  `id` int(11) NOT NULL AUTO_INCREMENT,
  `user_group_id` int(11) DEFAULT NULL,
  `menu_id` int(11) DEFAULT NULL,
  `st` char(1) DEFAULT '0',
  `deleted` char(1) DEFAULT '0',
  PRIMARY KEY (`id`)
) ENGINE=InnoDB AUTO_INCREMENT=5 DEFAULT CHARSET=utf8;
/*!40101 SET character_set_client = @saved_cs_client */;

--
-- Dumping data for table `tbm_user_menu_group`
--

LOCK TABLES `tbm_user_menu_group` WRITE;
/*!40000 ALTER TABLE `tbm_user_menu_group` DISABLE KEYS */;
INSERT INTO `tbm_user_menu_group` VALUES (1,1,14,'1','0'),(2,1,15,'1','0'),(3,1,25,'1','0'),(4,1,5,'1','0');
/*!40000 ALTER TABLE `tbm_user_menu_group` ENABLE KEYS */;
UNLOCK TABLES;

--
-- Table structure for table `tbt_cetakan`
--

DROP TABLE IF EXISTS `tbt_cetakan`;
/*!40101 SET @saved_cs_client     = @@character_set_client */;
/*!40101 SET character_set_client = utf8 */;
CREATE TABLE `tbt_cetakan` (
  `id` int(11) NOT NULL AUTO_INCREMENT,
  `jns_transaksi` char(1) DEFAULT '0',
  `id_pelanggan` int(11) DEFAULT NULL,
  `nama_pelanggan` varchar(255) DEFAULT NULL,
  `tgl_transaksi` date DEFAULT NULL,
  `wkt_transaksi` time DEFAULT NULL,
  `subtotal` float(11,2) DEFAULT NULL,
  `diskon` float(11,2) DEFAULT NULL,
  `total` float(11,2) DEFAULT NULL,
  `st_lunas` char(1) DEFAULT '0',
  `deleted` char(1) DEFAULT '0',
  PRIMARY KEY (`id`)
) ENGINE=InnoDB AUTO_INCREMENT=30 DEFAULT CHARSET=utf8;
/*!40101 SET character_set_client = @saved_cs_client */;

--
-- Dumping data for table `tbt_cetakan`
--

LOCK TABLES `tbt_cetakan` WRITE;
/*!40000 ALTER TABLE `tbt_cetakan` DISABLE KEYS */;
INSERT INTO `tbt_cetakan` VALUES (1,'0',9,'VICA, MRS','2016-01-25','20:28:42',3800000.00,0.00,3800000.00,'1','0'),(2,'0',7,'SURI, MRS','2016-01-25','20:32:33',3960000.00,0.00,3960000.00,'1','0'),(3,'0',6,'TRIYADI, MR','2016-01-25','20:59:03',6327500.00,0.00,6327500.00,'0','0'),(4,'1',0,'ASURANSI BRINS','2016-01-25','21:09:20',2200000.00,0.00,2200000.00,'1','0'),(5,'1',0,'PIET, MR & ESTER, MRS','2016-01-25','21:21:07',5250000.00,0.00,5250000.00,'1','0'),(6,'1',0,'ZARA DP','2016-01-26','19:39:43',200000.00,0.00,200000.00,'1','0'),(7,'0',7,'SURI, MRS','2016-01-26','19:44:38',165000.00,0.00,165000.00,'1','0'),(8,'0',10,'MAJID, MR','2016-01-26','19:49:55',3150000.00,0.00,3150000.00,'1','0'),(9,'0',10,'MAJID, MR','2016-01-28','11:34:55',280000.00,0.00,280000.00,'1','0'),(10,'0',7,'SURI, MRS','2016-01-28','11:45:27',3600000.00,0.00,3600000.00,'1','0'),(11,'0',13,'ZARA DP','2016-01-28','11:53:41',101500.00,1500.00,100000.00,'1','0'),(12,'1',0,'Dinas Kehutanan','2016-01-28','11:56:07',702000.00,2000.00,700000.00,'1','0'),(13,'0',12,'HOTEL DELIMA','2016-01-28','11:59:32',1800000.00,0.00,1800000.00,'0','0'),(14,'0',6,'TRIYADI, MR','2016-01-28','12:32:20',900000.00,0.00,900000.00,'0','0'),(15,'1',0,'DINAS PENDIDIKAN','2016-01-29','19:33:45',5002500.00,2500.00,5000000.00,'0','0'),(16,'1',0,'ESTER, MR & PIET, MRS','2016-01-29','20:11:26',1000000.00,100000.00,900000.00,'1','0'),(17,'0',7,'SURI, MRS','2016-02-01','15:24:41',360000.00,0.00,360000.00,'0','0'),(18,'0',6,'TRIYADI, MR','2016-02-03','09:40:09',832000.00,0.00,832000.00,'0','0'),(19,'1',0,'AKMAL, MR','2016-02-03','10:08:02',900000.00,0.00,900000.00,'0','0'),(20,'1',0,'RIO NN','2016-02-03','10:12:25',1330000.00,0.00,1330000.00,'0','0'),(21,'1',0,'BOS','2016-02-03','10:40:49',150000.00,0.00,150000.00,'1','0'),(22,'0',14,'NEDY LOOR','2016-02-03','11:06:00',500000.00,0.00,500000.00,'0','0'),(23,'1',0,'ESTER, MR & PIET, MRS','2016-02-03','14:53:02',210000.00,0.00,210000.00,'1','0'),(24,'1',0,'DENY BARBER BOX','2016-02-03','17:19:24',700000.00,0.00,700000.00,'1','0'),(25,'1',0,'HUDA NAVARA','2016-02-03','17:21:11',150000.00,0.00,150000.00,'0','0'),(26,'0',15,'BOS','2016-02-03','17:26:56',1800000.00,360000.00,1440000.00,'1','0'),(27,'0',15,'BOS','2016-02-03','18:50:38',150000.00,0.00,150000.00,'1','0'),(28,'0',7,'SURI, MRS','2016-02-05','12:10:39',5700000.00,0.00,5700000.00,'0','0'),(29,'1',0,'PIET, MR & ESTER, MRS','2016-02-05','12:34:00',420000.00,0.00,420000.00,'0','0');
/*!40000 ALTER TABLE `tbt_cetakan` ENABLE KEYS */;
UNLOCK TABLES;

--
-- Table structure for table `tbt_cetakan_bayar`
--

DROP TABLE IF EXISTS `tbt_cetakan_bayar`;
/*!40101 SET @saved_cs_client     = @@character_set_client */;
/*!40101 SET character_set_client = utf8 */;
CREATE TABLE `tbt_cetakan_bayar` (
  `id` int(11) NOT NULL AUTO_INCREMENT,
  `id_transaksi` int(11) DEFAULT '0',
  `tgl_bayar` date DEFAULT NULL,
  `wkt_bayar` time DEFAULT NULL,
  `jml_bayar` float(11,2) DEFAULT NULL,
  `kembalian` float(11,2) DEFAULT NULL,
  `sisa_bayar` float(11,2) DEFAULT NULL,
  `st_dp` char(1) DEFAULT '0',
  `st_posting` char(1) DEFAULT '0',
  `deleted` char(1) DEFAULT '0',
  PRIMARY KEY (`id`)
) ENGINE=InnoDB AUTO_INCREMENT=26 DEFAULT CHARSET=utf8;
/*!40101 SET character_set_client = @saved_cs_client */;

--
-- Dumping data for table `tbt_cetakan_bayar`
--

LOCK TABLES `tbt_cetakan_bayar` WRITE;
/*!40000 ALTER TABLE `tbt_cetakan_bayar` DISABLE KEYS */;
INSERT INTO `tbt_cetakan_bayar` VALUES (1,3,'2016-01-25','20:59:03',5000000.00,0.00,NULL,'0','1','0'),(2,5,'2016-01-28','11:38:07',5250000.00,0.00,0.00,'1','1','0'),(3,8,'2016-01-28','11:39:15',3150000.00,0.00,0.00,'1','1','0'),(4,6,'2016-01-28','11:39:32',200000.00,0.00,0.00,'1','1','0'),(5,1,'2016-01-28','11:39:45',3800000.00,0.00,0.00,'1','1','0'),(6,2,'2016-01-28','11:40:06',2960000.00,0.00,1000000.00,'1','1','0'),(7,7,'2016-01-28','11:40:41',165000.00,0.00,0.00,'1','1','0'),(8,9,'2016-01-28','11:41:02',280000.00,0.00,0.00,'1','1','0'),(9,1,'2016-01-28','11:56:45',700000.00,0.00,0.00,'1','1','0'),(10,4,'2016-01-29','11:52:28',2200000.00,0.00,0.00,'1','1','0'),(11,15,'2016-01-29','19:33:45',2500000.00,0.00,2500000.00,'0','1','0'),(15,16,'2016-01-29','20:11:26',300000.00,0.00,600000.00,'0','1','0'),(16,11,'2016-01-29','20:13:38',100000.00,0.00,0.00,'1','1','0'),(17,2,'2016-02-01','15:23:04',1000000.00,0.00,0.00,'1','1','0'),(18,10,'2016-02-01','15:23:20',3600000.00,0.00,0.00,'1','1','0'),(19,21,'2016-02-03','10:41:13',150000.00,0.00,0.00,'1','1','0'),(20,16,'2016-02-03','14:51:33',600000.00,0.00,0.00,'1','1','0'),(21,23,'2016-02-03','14:54:01',210000.00,0.00,0.00,'1','1','0'),(22,24,'2016-02-03','17:21:50',700000.00,0.00,0.00,'1','1','0'),(23,26,'2016-02-03','17:28:13',1440000.00,0.00,0.00,'1','1','0'),(24,27,'2016-02-03','18:51:23',150000.00,0.00,0.00,'1','1','0'),(25,28,'2016-02-05','12:10:39',2000000.00,0.00,3700000.00,'0','1','0');
/*!40000 ALTER TABLE `tbt_cetakan_bayar` ENABLE KEYS */;
UNLOCK TABLES;

--
-- Table structure for table `tbt_cetakan_detail`
--

DROP TABLE IF EXISTS `tbt_cetakan_detail`;
/*!40101 SET @saved_cs_client     = @@character_set_client */;
/*!40101 SET character_set_client = utf8 */;
CREATE TABLE `tbt_cetakan_detail` (
  `id` int(11) NOT NULL AUTO_INCREMENT,
  `id_transaksi` int(11) DEFAULT '0',
  `id_cetakan` int(11) DEFAULT NULL,
  `nm_cetakan` varchar(60) DEFAULT NULL,
  `hrg_cetakan` float(11,2) DEFAULT '0.00',
  `jumlah_pesanan` int(11) DEFAULT NULL,
  `est_hari` int(11) DEFAULT NULL,
  `tt_hari` int(11) DEFAULT NULL,
  `lembur` float(11,2) DEFAULT NULL,
  `subtotal` float(11,2) DEFAULT NULL,
  `deleted` char(1) DEFAULT '0',
  PRIMARY KEY (`id`)
) ENGINE=InnoDB AUTO_INCREMENT=34 DEFAULT CHARSET=utf8;
/*!40101 SET character_set_client = @saved_cs_client */;

--
-- Dumping data for table `tbt_cetakan_detail`
--

LOCK TABLES `tbt_cetakan_detail` WRITE;
/*!40000 ALTER TABLE `tbt_cetakan_detail` DISABLE KEYS */;
INSERT INTO `tbt_cetakan_detail` VALUES (1,1,0,'UNDANGAN JASMINE 16X16',19000.00,200,0,0,0.00,3800000.00,'0'),(2,2,0,'UNDANGAN KALENDER LIPAT 3',18000.00,220,0,0,0.00,3960000.00,'0'),(3,3,33,'CETAK 2 SISI',7000.00,883,0,0,0.00,6177500.00,'0'),(4,3,0,'BIAYA POTONG',100000.00,1,0,0,0.00,100000.00,'0'),(5,3,0,'BIAYA POTONG',50000.00,1,0,0,0.00,50000.00,'0'),(6,4,0,'KERTAS POLIS ASURANSI',110000.00,20,0,0,0.00,2200000.00,'0'),(7,5,0,'UNDANGAN KALENDER LIPAT 3',21000.00,250,0,0,0.00,5250000.00,'0'),(8,6,56,'STIKER BRAND NON LAMINASI',200000.00,1,0,0,0.00,200000.00,'0'),(9,7,0,'CETAKAN LAMA',165000.00,1,0,0,0.00,165000.00,'0'),(10,8,0,'HOT PRESS BAJU KAOS',35000.00,90,0,0,0.00,3150000.00,'0'),(11,9,0,'PRESS BAJU',35000.00,8,0,0,0.00,280000.00,'0'),(12,10,0,'UNDANGAN KALENDER LIPAT 3 PINK PUTIH',18000.00,200,0,0,0.00,3600000.00,'0'),(13,11,42,'STIKER BRAND /M + LAMINASI TEBAL',350000.00,0,0,0,0.00,101500.00,'0'),(14,12,41,'STIKER BRAND /M +LAMINASI BIASA',300000.00,2,0,0,0.00,702000.00,'0'),(15,13,0,'MASTER BILL',60000.00,30,0,0,0.00,1800000.00,'0'),(16,14,0,'PEMBAYARAN EKSPEDISI',900000.00,1,0,0,0.00,900000.00,'0'),(17,15,38,'CUTTING STIKER/M + PASANG',750000.00,7,0,0,0.00,5002500.00,'0'),(18,16,43,'STANDING BANNER 60CM X 160CM',250000.00,4,0,0,0.00,1000000.00,'0'),(19,17,0,'TAMBAHAN UNDANGAN KALENDER LIPAT 3',20.00,18000,0,0,0.00,360000.00,'0'),(20,18,50,'JILID SPIRAL F4 (UK. 1/2)',8000.00,104,0,0,0.00,832000.00,'0'),(21,19,0,'SISA PEMBAYARAN CETAKAN',900000.00,1,0,0,0.00,900000.00,'0'),(22,20,33,'CETAK 2 SISI',7000.00,150,0,0,0.00,1050000.00,'0'),(23,20,33,'CETAK 2 SISI',7000.00,40,0,0,0.00,280000.00,'0'),(24,21,0,'BAJU KAOS + PRESS',150000.00,1,0,0,0.00,150000.00,'0'),(25,22,0,'BINGKAI FOTO ART 310',5000.00,100,0,0,0.00,500000.00,'0'),(26,23,0,'UNDANGAN TAMBAHAN',21000.00,10,0,0,0.00,210000.00,'0'),(27,24,42,'STIKER BRAND /M + LAMINASI TEBAL',350000.00,2,0,0,0.00,700000.00,'0'),(28,25,0,'BAJU KAOS HITAM L',150000.00,1,0,0,0.00,150000.00,'0'),(29,26,60,'BAJU KAOS 30S',150000.00,12,0,0,0.00,1800000.00,'0'),(30,27,60,'BAJU KAOS 30S',150000.00,1,0,0,0.00,150000.00,'0'),(31,28,0,'KALENDER DUDUK PUSKESMAS',80000.00,15,0,0,0.00,1200000.00,'0'),(32,28,0,'KALENDER DUDUK SMK',36000.00,125,0,0,0.00,4500000.00,'0'),(33,29,0,'TAMBAHAN UNDANGAN KALENDER LIPAT',21000.00,20,0,0,0.00,420000.00,'0');
/*!40000 ALTER TABLE `tbt_cetakan_detail` ENABLE KEYS */;
UNLOCK TABLES;

--
-- Table structure for table `tbt_cetakan_detail_bahan`
--

DROP TABLE IF EXISTS `tbt_cetakan_detail_bahan`;
/*!40101 SET @saved_cs_client     = @@character_set_client */;
/*!40101 SET character_set_client = utf8 */;
CREATE TABLE `tbt_cetakan_detail_bahan` (
  `id` int(11) NOT NULL AUTO_INCREMENT,
  `id_cetakan_detail` int(11) DEFAULT '0',
  `id_barang` int(11) DEFAULT NULL,
  `ukuran` varchar(100) DEFAULT NULL,
  `jml` float(11,2) DEFAULT NULL,
  `harga` float(11,2) DEFAULT NULL,
  `deleted` char(1) DEFAULT '0',
  PRIMARY KEY (`id`)
) ENGINE=InnoDB DEFAULT CHARSET=utf8;
/*!40101 SET character_set_client = @saved_cs_client */;

--
-- Dumping data for table `tbt_cetakan_detail_bahan`
--

LOCK TABLES `tbt_cetakan_detail_bahan` WRITE;
/*!40000 ALTER TABLE `tbt_cetakan_detail_bahan` DISABLE KEYS */;
/*!40000 ALTER TABLE `tbt_cetakan_detail_bahan` ENABLE KEYS */;
UNLOCK TABLES;

--
-- Table structure for table `tbt_cetakan_detail_param`
--

DROP TABLE IF EXISTS `tbt_cetakan_detail_param`;
/*!40101 SET @saved_cs_client     = @@character_set_client */;
/*!40101 SET character_set_client = utf8 */;
CREATE TABLE `tbt_cetakan_detail_param` (
  `id` int(11) NOT NULL AUTO_INCREMENT,
  `id_cetakan_detail` int(11) DEFAULT '0',
  `parameter` varchar(100) DEFAULT NULL,
  `harga` float(11,2) DEFAULT NULL,
  `deleted` char(1) DEFAULT '0',
  PRIMARY KEY (`id`)
) ENGINE=InnoDB DEFAULT CHARSET=utf8;
/*!40101 SET character_set_client = @saved_cs_client */;

--
-- Dumping data for table `tbt_cetakan_detail_param`
--

LOCK TABLES `tbt_cetakan_detail_param` WRITE;
/*!40000 ALTER TABLE `tbt_cetakan_detail_param` DISABLE KEYS */;
/*!40000 ALTER TABLE `tbt_cetakan_detail_param` ENABLE KEYS */;
UNLOCK TABLES;

--
-- Table structure for table `tbt_jurnal_buku_besar`
--

DROP TABLE IF EXISTS `tbt_jurnal_buku_besar`;
/*!40101 SET @saved_cs_client     = @@character_set_client */;
/*!40101 SET character_set_client = utf8 */;
CREATE TABLE `tbt_jurnal_buku_besar` (
  `id` int(11) NOT NULL AUTO_INCREMENT,
  `id_transaksi` int(11) DEFAULT NULL,
  `sumber_transaksi` char(1) DEFAULT '0',
  `jns_transaksi` char(1) DEFAULT '0',
  `tgl_transaksi` date DEFAULT NULL,
  `wkt_transaksi` time DEFAULT '00:00:00',
  `keterangan` varchar(80) DEFAULT NULL,
  `jml_transaksi` float(11,2) DEFAULT NULL,
  `deleted` char(1) DEFAULT '0',
  PRIMARY KEY (`id`)
) ENGINE=InnoDB AUTO_INCREMENT=224 DEFAULT CHARSET=utf8;
/*!40101 SET character_set_client = @saved_cs_client */;

--
-- Dumping data for table `tbt_jurnal_buku_besar`
--

LOCK TABLES `tbt_jurnal_buku_besar` WRITE;
/*!40000 ALTER TABLE `tbt_jurnal_buku_besar` DISABLE KEYS */;
INSERT INTO `tbt_jurnal_buku_besar` VALUES (3,2,'0','0','2015-12-30','11:28:10','Penjualan Barang',616000.00,'0'),(4,3,'0','0','2016-01-02','11:30:28','Penjualan Barang',292000.00,'0'),(5,4,'0','0','2016-01-02','11:31:23','Penjualan Barang',250000.00,'0'),(6,5,'0','0','2016-01-03','11:33:12','Penjualan Barang',130000.00,'0'),(7,6,'0','0','2016-01-04','11:34:56','Penjualan Barang',630000.00,'0'),(8,8,'0','0','2016-01-09','00:49:31','Penjualan Barang',41000.00,'0'),(9,9,'0','0','2016-01-11','00:49:52','Penjualan Barang',55000.00,'0'),(10,10,'0','0','2016-01-13','23:43:50','Penjualan Barang',561500.00,'0'),(11,11,'0','0','2016-01-15','13:03:35','Penjualan Barang',28000.00,'0'),(12,12,'0','0','2016-01-15','23:51:06','Penjualan Barang',2517000.00,'0'),(13,13,'0','0','2016-01-20','01:35:27','Penjualan Barang',781000.00,'0'),(14,2,'0','1','2015-12-01','11:23:37','Pembelian Barang',144912496.00,'0'),(15,1,'0','1','2015-12-05','23:41:36','Pembelian Barang',16400000.00,'0'),(16,14,'0','0','2016-01-19','08:30:16','Penjualan Barang',18500.00,'0'),(17,15,'0','0','2016-01-22','08:32:37','Penjualan Barang',24000.00,'0'),(18,1,'1','1','2016-01-02','11:04:05','DOBEL TAPE 1/4 INCH, 480ROL',720000.00,'0'),(19,2,'1','0','2016-01-02','11:16:59','DP UNDANGAN 300 BH( SISA 2,2JT)',1100000.00,'0'),(20,3,'1','1','2016-01-03','11:16:59','MAKAN SIANG',75000.00,'0'),(21,4,'1','1','2016-01-03','11:16:59','ROKOK',45000.00,'0'),(22,5,'1','0','2016-01-04','11:29:11','PELUNASAN UND KAL SPIRAL AGUS PRP',7046000.00,'0'),(23,6,'1','0','2016-01-04','11:29:11','STIKER ALAM',140000.00,'0'),(24,7,'1','1','2016-01-04','11:29:11','MAKAN SIANG ',45000.00,'0'),(25,8,'1','1','2016-01-04','11:29:11','MIE AYAM',80000.00,'0'),(26,9,'1','1','2016-01-04','11:29:11','MINUMAN',80000.00,'0'),(27,10,'1','1','2016-01-04','11:29:11','ART 120, 120 LMBR MAS TRIADI',630000.00,'0'),(28,11,'1','1','2016-01-04','11:29:11','ART 230, 115 LMBR',747500.00,'0'),(29,12,'1','1','2016-01-04','11:29:11','ART 260, 163 LMBR',1141000.00,'0'),(30,13,'1','1','2016-01-04','11:29:11','ART 310, 13 LMBR',97500.00,'0'),(31,14,'1','1','2016-01-05','11:32:34','KOPI',18000.00,'0'),(32,15,'1','0','2016-01-05','11:32:34','PELUNASAN UND 300 BH',2200000.00,'0'),(33,16,'1','0','2016-01-06','21:09:38','DP UND KAL LIPAT 3, 250 BH (SISA 2,250 JT)',3000000.00,'1'),(34,17,'1','0','2016-01-06','21:09:38','UND AKIKAH PAY',700000.00,'0'),(35,18,'1','1','2016-01-06','21:09:38','AMPLOP',40000.00,'0'),(36,19,'1','1','2016-01-06','21:09:38','ROKOK',45000.00,'0'),(37,20,'1','1','2016-01-06','21:09:38','GORENGAN',30000.00,'0'),(38,21,'1','1','2016-01-06','21:09:38','KUNCI L',150000.00,'0'),(39,22,'1','1','2016-01-07','21:10:52','HP RONI',3150000.00,'0'),(40,23,'1','1','2016-01-07','21:10:52','BERAS',135000.00,'0'),(41,24,'1','1','2016-01-07','21:10:52','SAYUR',45000.00,'0'),(42,25,'1','0','2016-01-08','10:19:21','DP STIKER DINAS PENDIDIKAN (SISA 2,5 JT)',2500000.00,'0'),(43,26,'1','0','2016-01-08','10:19:21','PELUNASAN KAL DEP AGAMA ',3600000.00,'0'),(44,27,'1','0','2016-01-08','10:19:21','PELUNASA BJ ABSURD ARI 9SISA 150 RB RATNA)',150000.00,'0'),(45,28,'1','0','2016-01-08','10:19:21','PELUNASAN TMBHN UND AGUS PRP, 5 BH',140000.00,'0'),(46,29,'1','0','2016-01-08','10:19:21','PELUNASAN BUKU RAPOT SMP IT AS SALAM',750000.00,'0'),(47,30,'1','0','2016-01-08','10:19:21','PELUNASAN BINGKAI FOTO PERSIPURA',500000.00,'0'),(48,31,'1','1','2016-01-08','10:19:21','DP POLIS ASURANSI KE PAK ANIS',1000000.00,'0'),(49,32,'1','1','2016-01-08','10:19:21','PINJAMAN ADI (BAJU)',150000.00,'0'),(50,33,'1','1','2016-01-08','10:19:21','PINJAMAN MULIS (BAJU)',150000.00,'0'),(51,34,'1','1','2016-01-08','10:19:21','PINJAMAN RONI (BAJU)',150000.00,'0'),(52,35,'1','1','2016-01-08','10:19:21','ART 230, 2 LMBR',13000.00,'0'),(53,36,'1','1','2016-01-08','10:19:21','ART 260, 4 LMBR',28000.00,'0'),(54,37,'1','1','2016-01-09','10:24:12','SUSU MILO',45000.00,'0'),(55,38,'1','1','2016-01-09','10:24:12','PILOX CLEAR VANISH',35000.00,'0'),(56,39,'1','1','2016-01-09','10:24:12','PILOX CLEAR VANISH',25000.00,'0'),(57,40,'1','1','2016-01-09','10:24:12','AMPLAS',14000.00,'0'),(58,41,'1','1','2016-01-09','10:24:12','ROKOK',45000.00,'0'),(59,42,'1','1','2016-01-09','10:24:12','MAKAN SIANG',150000.00,'0'),(60,43,'1','0','2016-01-09','10:24:12','STIKER ALAM',1576000.00,'0'),(61,44,'1','1','2016-01-10','10:24:55','PINJAMAN MULIS',50000.00,'0'),(62,45,'1','1','2016-01-11','10:26:21','CUTTING STIKER 30M DAN TRANSFER TAPE 1 ROL',2733000.00,'0'),(63,46,'1','1','2016-01-11','10:26:21','ART 210, 10 LMBR',55000.00,'0'),(64,47,'1','1','2016-01-12','10:33:50','PINJAMAN RONI',200000.00,'0'),(65,48,'1','1','2016-01-12','10:33:50','PINJAMAN ADI',100000.00,'0'),(66,49,'1','1','2016-01-12','10:33:50','PINJAMAN MULIS',100000.00,'0'),(67,50,'1','1','2016-01-12','10:33:50','SAYUR+IKAN',45000.00,'0'),(68,51,'1','1','2016-01-12','10:33:50','MINUMAN+ROKOK',125000.00,'0'),(69,52,'1','1','2016-01-12','10:33:50','TINTA EPSON L 210',1100000.00,'0'),(70,53,'1','1','2016-01-12','10:33:50','HVS 70 GR, 1 PLN',400000.00,'0'),(71,54,'1','1','2016-01-12','10:33:50','CUTTING STIKER',780000.00,'0'),(72,55,'1','1','2016-01-12','10:33:50','ONGKOS POTONG',150000.00,'0'),(73,56,'1','0','2016-01-12','10:33:50','DP BAJU COC, 4 BJ (SISA 150 RB)',450000.00,'0'),(74,57,'1','1','2016-01-13','10:50:00','PINJAMAN MULIS',50000.00,'0'),(75,58,'1','1','2016-01-13','10:50:00','AMPLOP HAMER CREAM 15X20, 5 PAK',210000.00,'0'),(76,59,'1','1','2016-01-13','10:50:00','AMPLOP HAMER CREAM 12X17, 5 PAK',175000.00,'0'),(77,60,'1','1','2016-01-13','10:50:00','ONGKOS POTONG',150000.00,'0'),(78,61,'1','0','2016-01-13','10:50:00','PELUNASAN CETAKAN JUSTI',1225000.00,'0'),(79,62,'1','0','2016-01-13','10:50:00','PELUNASAN BUKU NOTA HP WAMENA',4500000.00,'0'),(80,63,'1','1','2016-01-13','10:50:00','ART 150 65X100, 13 LMBR',45500.00,'0'),(81,64,'1','1','2016-01-13','10:50:00','ART 210 79X109, 12 LMBR',66000.00,'0'),(82,65,'1','1','2016-01-13','10:50:00','NCR TOP WHITE 1 PLN',450000.00,'0'),(83,66,'1','1','2016-01-13','10:50:00','KOPI',20000.00,'0'),(84,67,'1','1','2016-01-13','10:50:00','SAYURAN+LAUK',40000.00,'0'),(85,68,'1','0','2016-01-14','14:57:57','PELUNASAN BAJU COC',150000.00,'0'),(86,69,'1','1','2016-01-14','14:57:57','PELUNASAN POLIS ASURANSI KE PAK ANIS',220000.00,'0'),(87,70,'1','1','2016-01-14','14:57:57','ONGKOS POTONG',150000.00,'0'),(88,71,'1','1','2016-01-14','14:57:57','SAYURAN',27500.00,'0'),(89,72,'1','0','2016-01-14','14:57:57','PELUNASAN UND 300 BH',330000.00,'0'),(90,73,'1','0','2016-01-15','15:02:47','PELUNASAN ASURANSI BSAM',2200000.00,'0'),(91,74,'1','1','2016-01-15','15:02:47','ONGKOS POTONG ',100000.00,'0'),(92,75,'1','1','2016-01-15','15:02:47','SAYURAN+LAUK',37000.00,'0'),(93,76,'1','1','2016-01-15','15:02:47','ART 230, 3 LMBR',19500.00,'0'),(94,77,'1','1','2016-01-15','15:02:47','ART 150 79X109, 52 LMBR',208000.00,'0'),(95,78,'1','1','2016-01-15','15:02:47','JASMINE CREAM/PLASMA YELLOW, 1 BALL+3 LMBR',669500.00,'0'),(96,79,'1','1','2016-01-15','15:02:47','BOARD 40, 60 LMBR',420000.00,'0'),(97,80,'1','1','2016-01-15','15:02:47','LAMINASI DOFF, 6 ROL',1200000.00,'0'),(98,81,'1','1','2016-01-16','15:22:29','MAKAN MALAM',210000.00,'0'),(99,82,'1','1','2016-01-16','15:22:29','MINUMAN',50000.00,'0'),(100,83,'1','1','2016-01-16','15:22:29','ROKOK',45000.00,'0'),(101,84,'1','1','2016-01-16','15:22:29','KOPI+AIR GALON',20000.00,'0'),(102,85,'1','1','2016-01-16','15:22:29','SAYURAN',28000.00,'0'),(103,86,'1','1','2016-01-16','15:22:29','ONGKOS POTONG',200000.00,'0'),(104,87,'1','1','2016-01-18','15:30:54','SAYURAN',30000.00,'0'),(105,88,'1','1','2016-01-18','15:30:54','MINUMAN',50000.00,'0'),(106,89,'1','1','2016-01-18','15:30:54','ROKOK',45000.00,'0'),(107,90,'1','0','2016-01-18','15:30:54','KARTU NAMA RENTAL MOBIL',120000.00,'0'),(108,91,'1','0','2016-01-18','15:30:54','KARTU NAMA BANK PAPUA ',360000.00,'0'),(109,92,'1','1','2016-01-18','15:30:54','BOARD 40, 12 LMBR',84000.00,'0'),(110,93,'1','1','2016-01-18','15:30:54','BOARD 30, 1 PLANO',230000.00,'0'),(111,94,'1','1','2016-01-18','15:30:54','BOARD 30, 20 LMBR',160000.00,'0'),(112,95,'1','1','2016-01-18','15:30:54','ART 150, 67 LMBR',268000.00,'0'),(113,96,'1','1','2016-01-18','15:30:54','JASMINE CREAM 6 LMBR',39000.00,'0'),(114,97,'1','0','2016-01-19','15:36:06','STIKER MOTOR ',450000.00,'0'),(115,98,'1','1','2016-01-19','15:36:06','PLASTIK 13,5 , 5 PAK',67500.00,'0'),(116,99,'1','1','2016-01-19','15:36:06','PLASTIK 14,5 , 5 PAK',72500.00,'0'),(117,100,'1','1','2016-01-19','15:36:06','PLASTIK 14, 3 PAK',43500.00,'0'),(118,101,'1','0','2016-01-19','15:36:06','PELUNASAN UND MBA VICA',8000000.00,'0'),(119,102,'1','1','2016-01-19','15:36:06','PINJAMAN ADI',100000.00,'0'),(120,103,'1','1','2016-01-19','15:36:06','PEMBAYARAN MOTOR ADI',1575000.00,'0'),(121,104,'1','1','2016-01-19','15:36:06','SAYUR+IKAN',55000.00,'0'),(122,105,'1','1','2016-01-19','15:36:06','ART 150, 3 LMBR',12000.00,'0'),(123,106,'1','1','2016-01-19','15:36:06','JASMINE CREAM 1 LMBR',6500.00,'0'),(124,107,'1','1','2016-01-20','15:36:33','SAYURAN',35000.00,'0'),(125,108,'1','0','2016-01-22','15:43:01','PELUNASAN BUKU NOTA MBA YEYEN',600000.00,'0'),(126,109,'1','0','2016-01-22','15:43:01','PELUNASAN CETAKAN TRIYADI',1561000.00,'0'),(127,110,'1','0','2016-01-22','15:43:01','PELUNASAN BUKU NOTA DOLOG MANOKWARI',750000.00,'0'),(128,111,'1','0','2016-01-22','15:43:01','PELUNASAN BAJU KAOS DRUGSTORE, 24 BJ',2880000.00,'0'),(129,112,'1','0','2016-01-22','15:43:01','PELUNASAN BAJU ABSURD RATNA ',150000.00,'0'),(130,113,'1','1','2016-01-22','15:43:01','SAYURAN',38000.00,'0'),(131,114,'1','1','2016-01-22','15:43:01','ROKOK',45000.00,'0'),(132,115,'1','1','2016-01-22','15:43:01','MAKAN MALAM ',80000.00,'0'),(133,116,'1','1','2016-01-22','15:43:01','XEROX',11450000.00,'0'),(134,117,'1','1','2016-01-23','15:46:43','PEMBELIAN BAJU KAOS UK M HITAM 12 LUSIN',6200000.00,'0'),(135,118,'1','1','2016-01-23','15:46:43','SAYUR+AYAM',60000.00,'0'),(136,119,'1','1','2016-01-23','15:46:43','KOPI',40000.00,'0'),(137,120,'1','1','2016-01-23','15:46:43','ISI CUTTER 1 PAK',60000.00,'0'),(138,121,'1','0','2016-01-23','15:46:43','DP CETAKAN TRIYADI',5000000.00,'1'),(139,16,'0','0','2016-01-25','20:17:12','Penjualan Barang',20000.00,'0'),(140,17,'0','0','2016-01-25','20:19:54','Penjualan Barang',166000.00,'0'),(141,1,'1','0','2016-01-25','20:59:03','Pembayaran DP Cetakan',5000000.00,'0'),(142,18,'0','0','2016-01-27','01:09:53','Penjualan Barang',1260000.00,'0'),(143,2,'1','0','2016-01-28','11:38:07','Pembayaran Piutang Cetakan',5250000.00,'0'),(144,3,'1','0','2016-01-28','11:39:15','Pembayaran Piutang Cetakan',3150000.00,'0'),(145,4,'1','0','2016-01-28','11:39:32','Pembayaran Piutang Cetakan',200000.00,'0'),(146,5,'1','0','2016-01-28','11:39:45','Pembayaran Piutang Cetakan',3800000.00,'0'),(147,6,'1','0','2016-01-28','11:40:06','Pembayaran Piutang Cetakan',2960000.00,'0'),(148,7,'1','0','2016-01-28','11:40:41','Pembayaran Piutang Cetakan',165000.00,'0'),(149,8,'1','0','2016-01-28','11:41:02','Pembayaran Piutang Cetakan',280000.00,'0'),(150,9,'1','0','2016-01-28','11:56:45','Pembayaran Piutang Cetakan',700000.00,'0'),(151,19,'0','0','2016-01-28','23:37:04','Penjualan Barang',632500.00,'0'),(152,122,'0','1','2016-01-29','11:50:57','POTONG KERTAS',250000.00,'0'),(153,10,'1','0','2016-01-29','11:52:28','Pembayaran Piutang Cetakan',2200000.00,'0'),(154,11,'1','0','2016-01-29','19:33:45','Pembayaran DP Cetakan',2500000.00,'0'),(155,12,'1','0','2016-01-29','19:35:12','Pembayaran Piutang Cetakan',2500000.00,'1'),(156,13,'1','0','2016-01-29','19:35:58','Pembayaran Piutang Cetakan',2500000.00,'1'),(157,14,'1','0','2016-01-29','19:36:30','Pembayaran Piutang Cetakan',2500000.00,'1'),(158,15,'1','0','2016-01-29','20:11:26','Pembayaran DP Cetakan',300000.00,'0'),(159,16,'1','0','2016-01-29','20:13:38','Pembayaran Piutang Cetakan',100000.00,'0'),(160,20,'0','0','2016-01-30','21:15:41','Penjualan Barang',56000.00,'0'),(161,17,'1','0','2016-02-01','15:23:04','Pembayaran Piutang Cetakan',1000000.00,'0'),(162,18,'1','0','2016-02-01','15:23:20','Pembayaran Piutang Cetakan',3600000.00,'0'),(163,123,'1','1','2016-01-23','08:05:14','AYAM+SAYUR',60000.00,'0'),(164,124,'1','1','2016-01-23','08:05:14','KOPI',40000.00,'0'),(165,125,'1','1','2016-01-23','08:05:14','ISI CUTTER',60000.00,'0'),(166,126,'1','1','2016-01-25','08:11:13','POTONG KERTAS ASURANSI BSAM',200000.00,'0'),(167,127,'1','1','2016-01-25','08:11:13','ROKOK',45000.00,'0'),(168,128,'1','1','2016-01-25','08:11:13','MINUMAN',40000.00,'0'),(169,129,'1','1','2016-01-25','08:11:13','SAYUR+IKAN',45000.00,'0'),(170,130,'1','1','2016-01-26','08:21:17','PLASTIK UND 14,5, 10 PAK',145000.00,'0'),(171,131,'1','1','2016-01-26','08:21:17','ART 150, 70 LMBR',300000.00,'0'),(172,132,'1','1','2016-01-26','08:21:17','BOARD 30 1 PLN',230000.00,'0'),(173,133,'1','1','2016-01-26','08:21:17','BOARD 30 ,25 LMBR',200000.00,'0'),(174,134,'1','1','2016-01-26','08:21:17','JASMINE CREAM, 40 PLN',390000.00,'0'),(175,135,'1','1','2016-01-26','08:21:17','BOARD 40, 20 LMBR',140000.00,'0'),(176,136,'1','1','2016-01-26','08:21:17','PINJAMAN HUDA',455000.00,'0'),(177,137,'1','1','2016-01-26','08:21:17','ROKOK',45000.00,'0'),(178,138,'1','1','2016-01-26','08:21:17','MINUMAN',61000.00,'0'),(179,139,'1','1','2016-01-26','08:21:17','SAYUR+IKAN',45000.00,'0'),(180,140,'1','1','2016-01-27','08:23:51','SAYUR',31000.00,'0'),(181,141,'1','1','2016-01-27','08:23:51','ROKOK',45000.00,'0'),(182,142,'1','1','2016-01-27','08:23:51','GORENGAN',40000.00,'0'),(183,143,'1','1','2016-01-27','08:23:51','MINUMAN',51000.00,'0'),(184,144,'1','1','2016-01-28','08:27:23','MAKAN MALAM',60000.00,'0'),(185,145,'1','1','2016-01-28','08:27:23','ROKOK',45000.00,'0'),(186,146,'1','1','2016-01-28','08:27:23','SAYUR+LAUK',38000.00,'0'),(187,147,'1','1','2016-01-28','08:27:23','TELUR',31000.00,'0'),(188,148,'1','1','2016-01-28','08:27:23','SINGKONG',15000.00,'0'),(189,149,'1','1','2016-01-29','08:29:43','ROKOK',45000.00,'0'),(190,150,'1','1','2016-01-29','08:29:43','MINUMAN',51000.00,'0'),(191,151,'1','1','2016-01-29','08:29:43','SAYUR',40000.00,'0'),(192,152,'1','1','2016-01-30','08:35:11','SAYUR IKAN ',42000.00,'0'),(193,153,'1','1','2016-01-30','08:35:11','ROKOK',45000.00,'0'),(194,154,'1','1','2016-01-30','08:35:11','MINUMAN',40000.00,'0'),(195,155,'1','1','2016-01-30','08:35:11','MAKAN MALAM',75000.00,'0'),(196,156,'1','1','2016-01-30','08:35:11','PINJAMAN ADI',50000.00,'0'),(197,157,'1','1','2016-01-30','08:35:11','PINJAMAN RONI',50000.00,'0'),(198,158,'1','1','2016-01-30','08:35:11','PINJAMAN MULIS',70000.00,'0'),(199,159,'1','1','2016-01-30','08:35:11','UANGNYA PAK AFRIAN',300000.00,'0'),(200,21,'0','0','2016-02-03','09:36:40','Penjualan Barang',1182000.00,'0'),(201,22,'0','0','2016-02-03','09:37:30','Penjualan Barang',81000.00,'0'),(202,23,'0','0','2016-02-03','09:46:57','Penjualan Barang',200000.00,'0'),(203,160,'0','1','2016-02-01','10:18:04','POTONG KERTAS KE PNG',100000.00,'0'),(204,161,'0','1','2016-01-28','10:18:52','PEMBAYARAN SPARE PART MESIN POTONG',3500000.00,'0'),(205,19,'1','0','2016-02-03','10:41:13','Pembayaran Piutang Cetakan',150000.00,'0'),(206,20,'1','0','2016-02-03','14:51:33','Pembayaran Piutang Cetakan',600000.00,'0'),(207,21,'1','0','2016-02-03','14:54:01','Pembayaran Piutang Cetakan',210000.00,'0'),(208,22,'1','0','2016-02-03','17:21:50','Pembayaran Piutang Cetakan',700000.00,'0'),(209,23,'1','0','2016-02-03','17:28:13','Pembayaran Piutang Cetakan',1440000.00,'0'),(210,24,'1','0','2016-02-03','18:51:23','Pembayaran Piutang Cetakan',150000.00,'0'),(211,162,'1','1','2016-01-25','03:36:16','PELUNASAN CETAKAN ASURANSI BSAM KE PAK ANIS',769000.00,'0'),(212,163,'1','0','2016-01-25','03:41:19','PELUNASAN KALENDER LIPAT 3 PIET ESTER',5250000.00,'0'),(213,164,'1','0','2016-01-27','03:46:31','PELUNASAN UNDANGAN MBA VICA',3800000.00,'0'),(214,165,'1','0','2016-01-27','03:46:31','PELUNASAN UNDANGAN SURI',3125000.00,'0'),(215,166,'1','0','2016-01-27','03:46:31','STIKER ZARRA',200000.00,'0'),(216,167,'1','0','2016-01-28','03:50:16','PELUNASAN UND SURI',4600000.00,'0'),(217,168,'1','0','2016-01-28','03:50:16','PELUNASAN ASURANSI BRIANS',2200000.00,'0'),(218,169,'1','0','2016-01-28','03:50:16','PELUNASAN PAK MAJID',3150000.00,'0'),(219,170,'1','0','2016-01-28','03:50:16','PELUNASAN PAK MAJID',280000.00,'0'),(220,171,'1','0','2016-01-28','03:50:16','STIKER ZARAA',100000.00,'0'),(221,172,'1','0','2016-01-28','03:50:16','DINAS KEHUTANAN',700000.00,'0'),(222,24,'0','0','2016-02-05','12:04:58','Penjualan Barang',479000.00,'0'),(223,25,'1','0','2016-02-05','12:10:39','Pembayaran DP Cetakan',2000000.00,'0');
/*!40000 ALTER TABLE `tbt_jurnal_buku_besar` ENABLE KEYS */;
UNLOCK TABLES;

--
-- Table structure for table `tbt_modal_transaksi`
--

DROP TABLE IF EXISTS `tbt_modal_transaksi`;
/*!40101 SET @saved_cs_client     = @@character_set_client */;
/*!40101 SET character_set_client = utf8 */;
CREATE TABLE `tbt_modal_transaksi` (
  `id` int(11) NOT NULL AUTO_INCREMENT,
  `st_modal` char(1) DEFAULT '0',
  `modal` float(11,2) DEFAULT NULL,
  `deleted` char(1) DEFAULT '0',
  PRIMARY KEY (`id`)
) ENGINE=InnoDB AUTO_INCREMENT=3 DEFAULT CHARSET=utf8;
/*!40101 SET character_set_client = @saved_cs_client */;

--
-- Dumping data for table `tbt_modal_transaksi`
--

LOCK TABLES `tbt_modal_transaksi` WRITE;
/*!40000 ALTER TABLE `tbt_modal_transaksi` DISABLE KEYS */;
INSERT INTO `tbt_modal_transaksi` VALUES (1,'0',0.00,'0'),(2,'1',-36621412.00,'0');
/*!40000 ALTER TABLE `tbt_modal_transaksi` ENABLE KEYS */;
UNLOCK TABLES;

--
-- Table structure for table `tbt_mutasi_barang`
--

DROP TABLE IF EXISTS `tbt_mutasi_barang`;
/*!40101 SET @saved_cs_client     = @@character_set_client */;
/*!40101 SET character_set_client = utf8 */;
CREATE TABLE `tbt_mutasi_barang` (
  `id` int(11) NOT NULL AUTO_INCREMENT,
  `tgl_transaksi` date DEFAULT NULL,
  `wkt_transaksi` time DEFAULT NULL,
  `jumlah_barang` int(11) DEFAULT NULL,
  `deleted` char(1) DEFAULT '0',
  PRIMARY KEY (`id`)
) ENGINE=InnoDB DEFAULT CHARSET=utf8;
/*!40101 SET character_set_client = @saved_cs_client */;

--
-- Dumping data for table `tbt_mutasi_barang`
--

LOCK TABLES `tbt_mutasi_barang` WRITE;
/*!40000 ALTER TABLE `tbt_mutasi_barang` DISABLE KEYS */;
/*!40000 ALTER TABLE `tbt_mutasi_barang` ENABLE KEYS */;
UNLOCK TABLES;

--
-- Table structure for table `tbt_mutasi_barang_detail`
--

DROP TABLE IF EXISTS `tbt_mutasi_barang_detail`;
/*!40101 SET @saved_cs_client     = @@character_set_client */;
/*!40101 SET character_set_client = utf8 */;
CREATE TABLE `tbt_mutasi_barang_detail` (
  `id` int(11) NOT NULL AUTO_INCREMENT,
  `id_transaksi` int(11) DEFAULT '0',
  `id_barang` int(11) DEFAULT NULL,
  `jml` float(11,2) DEFAULT NULL,
  `deleted` char(1) DEFAULT '0',
  PRIMARY KEY (`id`)
) ENGINE=InnoDB DEFAULT CHARSET=utf8;
/*!40101 SET character_set_client = @saved_cs_client */;

--
-- Dumping data for table `tbt_mutasi_barang_detail`
--

LOCK TABLES `tbt_mutasi_barang_detail` WRITE;
/*!40000 ALTER TABLE `tbt_mutasi_barang_detail` DISABLE KEYS */;
/*!40000 ALTER TABLE `tbt_mutasi_barang_detail` ENABLE KEYS */;
UNLOCK TABLES;

--
-- Table structure for table `tbt_pembelian`
--

DROP TABLE IF EXISTS `tbt_pembelian`;
/*!40101 SET @saved_cs_client     = @@character_set_client */;
/*!40101 SET character_set_client = utf8 */;
CREATE TABLE `tbt_pembelian` (
  `id` int(11) NOT NULL AUTO_INCREMENT,
  `id_pemasok` int(11) DEFAULT NULL,
  `tgl_transaksi` date DEFAULT NULL,
  `wkt_transaksi` time DEFAULT NULL,
  `st_posting` char(1) DEFAULT '0',
  `deleted` char(1) DEFAULT '0',
  PRIMARY KEY (`id`)
) ENGINE=InnoDB AUTO_INCREMENT=3 DEFAULT CHARSET=utf8;
/*!40101 SET character_set_client = @saved_cs_client */;

--
-- Dumping data for table `tbt_pembelian`
--

LOCK TABLES `tbt_pembelian` WRITE;
/*!40000 ALTER TABLE `tbt_pembelian` DISABLE KEYS */;
INSERT INTO `tbt_pembelian` VALUES (1,2,'2015-12-05','23:41:36','1','0'),(2,2,'2015-12-01','11:23:37','1','0');
/*!40000 ALTER TABLE `tbt_pembelian` ENABLE KEYS */;
UNLOCK TABLES;

--
-- Table structure for table `tbt_pembelian_detail`
--

DROP TABLE IF EXISTS `tbt_pembelian_detail`;
/*!40101 SET @saved_cs_client     = @@character_set_client */;
/*!40101 SET character_set_client = utf8 */;
CREATE TABLE `tbt_pembelian_detail` (
  `id` int(11) NOT NULL AUTO_INCREMENT,
  `id_transaksi` int(11) DEFAULT '0',
  `id_barang` int(11) DEFAULT NULL,
  `jml` float(11,2) DEFAULT NULL,
  `harga` float(11,2) DEFAULT NULL,
  `total` float(11,2) DEFAULT NULL,
  `deleted` char(1) DEFAULT '0',
  PRIMARY KEY (`id`)
) ENGINE=InnoDB AUTO_INCREMENT=44 DEFAULT CHARSET=utf8;
/*!40101 SET character_set_client = @saved_cs_client */;

--
-- Dumping data for table `tbt_pembelian_detail`
--

LOCK TABLES `tbt_pembelian_detail` WRITE;
/*!40000 ALTER TABLE `tbt_pembelian_detail` DISABLE KEYS */;
INSERT INTO `tbt_pembelian_detail` VALUES (1,1,56,1000.00,4100.00,4100000.00,'0'),(2,1,34,1000.00,4100.00,4100000.00,'0'),(3,1,36,1000.00,4100.00,4100000.00,'0'),(4,1,57,1000.00,4100.00,4100000.00,'0'),(5,2,40,3000.00,1350.00,4050000.00,'0'),(6,2,78,1000.00,1150.00,1150000.00,'0'),(7,2,53,4000.00,2875.00,11500000.00,'0'),(8,2,52,3000.00,3833.33,11500000.00,'0'),(9,2,67,1000.00,3800.00,3800000.00,'0'),(10,2,65,1000.00,4300.00,4300000.00,'0'),(11,2,66,1000.00,4300.00,4300000.00,'0'),(12,2,68,1000.00,4300.00,4300000.00,'0'),(13,2,70,10.00,175000.00,1750000.00,'0'),(14,2,69,10.00,175000.00,1750000.00,'0'),(15,2,41,500.00,1500.00,750000.00,'0'),(16,2,42,500.00,1900.00,950000.00,'0'),(17,2,59,1000.00,4000.00,4000000.00,'0'),(18,2,58,1000.00,4300.00,4300000.00,'0'),(19,2,64,10.00,273000.00,2730000.00,'0'),(20,2,63,10.00,312000.00,3120000.00,'0'),(21,2,62,10.00,390000.00,3900000.00,'0'),(22,2,77,5.00,350000.00,1750000.00,'0'),(23,2,76,5.00,360000.00,1800000.00,'0'),(24,2,73,5.00,360000.00,1800000.00,'0'),(25,2,75,5.00,360000.00,1800000.00,'0'),(26,2,74,5.00,360000.00,1800000.00,'0'),(27,2,60,50.00,130000.00,6500000.00,'0'),(28,2,72,100.00,13000.00,1300000.00,'0'),(29,2,55,500.00,4500.00,2250000.00,'0'),(30,2,37,3000.00,1425.00,4275000.00,'0'),(31,2,39,3000.00,1800.00,5400000.00,'0'),(32,2,44,3000.00,2650.00,7950000.00,'0'),(33,2,43,3000.00,2925.00,8775000.00,'0'),(34,2,45,3000.00,3300.00,9900000.00,'0'),(35,2,46,500.00,3925.00,1962500.00,'0'),(36,2,47,500.00,5050.00,2525000.00,'0'),(37,2,50,1000.00,1450.00,1450000.00,'0'),(38,2,38,3000.00,1075.00,3225000.00,'0'),(39,2,49,1000.00,2000.00,2000000.00,'0'),(40,2,30,1000.00,4100.00,4100000.00,'0'),(41,2,51,1000.00,3000.00,3000000.00,'0'),(42,2,71,10.00,175000.00,1750000.00,'0'),(43,2,48,1000.00,1450.00,1450000.00,'0');
/*!40000 ALTER TABLE `tbt_pembelian_detail` ENABLE KEYS */;
UNLOCK TABLES;

--
-- Table structure for table `tbt_penjualan`
--

DROP TABLE IF EXISTS `tbt_penjualan`;
/*!40101 SET @saved_cs_client     = @@character_set_client */;
/*!40101 SET character_set_client = utf8 */;
CREATE TABLE `tbt_penjualan` (
  `id` int(11) NOT NULL AUTO_INCREMENT,
  `jns_transaksi` char(1) DEFAULT '0',
  `id_pelanggan` int(11) DEFAULT NULL,
  `nama_pelanggan` varchar(255) DEFAULT NULL,
  `tgl_transaksi` date DEFAULT NULL,
  `wkt_transaksi` time DEFAULT NULL,
  `st_posting` char(1) DEFAULT '0',
  `deleted` char(1) DEFAULT '0',
  PRIMARY KEY (`id`)
) ENGINE=InnoDB AUTO_INCREMENT=25 DEFAULT CHARSET=utf8;
/*!40101 SET character_set_client = @saved_cs_client */;

--
-- Dumping data for table `tbt_penjualan`
--

LOCK TABLES `tbt_penjualan` WRITE;
/*!40000 ALTER TABLE `tbt_penjualan` DISABLE KEYS */;
INSERT INTO `tbt_penjualan` VALUES (1,'0',4,'Navara DP','2015-12-29','11:26:08','1','0'),(2,'0',4,'Navara DP','2015-12-30','11:28:10','1','0'),(3,'0',4,'Navara DP','2016-01-02','11:30:28','1','0'),(4,'0',5,'ALWI CIPTA BUANA','2016-01-02','11:31:23','1','0'),(5,'0',4,'Navara DP','2016-01-03','11:33:12','1','0'),(6,'0',6,'TRIYADI, MR','2016-01-04','11:34:56','1','0'),(7,'1',0,'test1','2016-01-07','23:03:23','0','1'),(8,'0',4,'Navara DP','2016-01-09','00:49:31','1','0'),(9,'0',4,'Navara DP','2016-01-11','00:49:52','1','0'),(10,'0',4,'Navara DP','2016-01-13','23:43:50','1','0'),(11,'0',4,'Navara DP','2016-01-15','13:03:35','1','0'),(12,'0',4,'Navara DP','2016-01-15','23:51:06','1','0'),(13,'0',4,'Navara DP','2016-01-20','01:35:27','1','0'),(14,'0',4,'Navara DP','2016-01-19','08:30:16','1','0'),(15,'0',4,'Navara DP','2016-01-22','08:32:37','1','0'),(16,'0',6,'TRIYADI, MR','2016-01-25','20:17:12','1','0'),(17,'0',4,'Navara DP','2016-01-25','20:19:54','1','0'),(18,'0',4,'Navara DP','2016-01-27','01:09:53','1','0'),(19,'0',4,'Navara DP','2016-01-28','23:37:04','1','0'),(20,'0',4,'Navara DP','2016-01-30','21:15:41','1','0'),(21,'0',4,'Navara DP','2016-02-03','09:36:40','1','0'),(22,'0',6,'TRIYADI, MR','2016-02-03','09:37:30','1','0'),(23,'0',5,'ALWI CIPTA BUANA','2016-02-03','09:46:57','1','0'),(24,'0',4,'Navara DP','2016-02-05','12:04:58','1','0');
/*!40000 ALTER TABLE `tbt_penjualan` ENABLE KEYS */;
UNLOCK TABLES;

--
-- Table structure for table `tbt_penjualan_detail`
--

DROP TABLE IF EXISTS `tbt_penjualan_detail`;
/*!40101 SET @saved_cs_client     = @@character_set_client */;
/*!40101 SET character_set_client = utf8 */;
CREATE TABLE `tbt_penjualan_detail` (
  `id` int(11) NOT NULL AUTO_INCREMENT,
  `id_transaksi` int(11) DEFAULT '0',
  `id_barang` int(11) DEFAULT NULL,
  `jml` float(11,2) DEFAULT NULL,
  `id_harga` int(11) DEFAULT NULL,
  `harga` float(11,2) DEFAULT NULL,
  `diskon` float(11,2) DEFAULT NULL,
  `total` float(11,2) DEFAULT NULL,
  `deleted` char(1) DEFAULT '0',
  PRIMARY KEY (`id`)
) ENGINE=InnoDB AUTO_INCREMENT=53 DEFAULT CHARSET=utf8;
/*!40101 SET character_set_client = @saved_cs_client */;

--
-- Dumping data for table `tbt_penjualan_detail`
--

LOCK TABLES `tbt_penjualan_detail` WRITE;
/*!40000 ALTER TABLE `tbt_penjualan_detail` DISABLE KEYS */;
INSERT INTO `tbt_penjualan_detail` VALUES (1,1,43,51.00,89,6500.00,0.00,331500.00,'0'),(2,1,45,87.00,91,7000.00,0.00,609000.00,'0'),(3,1,46,1.00,83,7500.00,0.00,7500.00,'0'),(4,2,43,14.00,89,6500.00,0.00,91000.00,'0'),(5,2,45,75.00,91,7000.00,0.00,525000.00,'0'),(6,3,43,30.00,89,6500.00,0.00,195000.00,'0'),(7,3,45,1.00,91,7000.00,0.00,7000.00,'0'),(8,3,46,12.00,83,7500.00,0.00,90000.00,'0'),(9,4,70,1.00,98,275000.00,25000.00,250000.00,'0'),(10,5,43,20.00,89,6500.00,0.00,130000.00,'0'),(11,6,37,210.00,18,3000.00,0.00,630000.00,'0'),(12,7,30,2.00,4,625000.00,0.00,1250000.00,'1'),(13,8,45,4.00,91,7000.00,0.00,28000.00,'0'),(14,8,43,2.00,89,6500.00,0.00,13000.00,'0'),(15,9,44,10.00,101,5500.00,0.00,55000.00,'0'),(16,10,40,13.00,26,3500.00,0.00,45500.00,'0'),(17,10,44,12.00,101,5500.00,0.00,66000.00,'0'),(18,10,77,1.00,102,450000.00,0.00,450000.00,'0'),(19,11,45,4.00,91,7000.00,0.00,28000.00,'0'),(20,12,43,3.00,89,6500.00,0.00,19500.00,'0'),(21,12,39,52.00,24,4000.00,0.00,208000.00,'0'),(22,12,65,103.00,58,6500.00,0.00,669500.00,'0'),(23,12,53,60.00,37,7000.00,0.00,420000.00,'0'),(24,12,60,6.00,53,200000.00,0.00,1200000.00,'0'),(25,13,53,12.00,37,7000.00,0.00,84000.00,'0'),(26,13,52,1.00,40,230000.00,0.00,230000.00,'0'),(27,13,39,67.00,24,4000.00,0.00,268000.00,'0'),(28,13,65,6.00,58,6500.00,0.00,39000.00,'0'),(29,13,52,20.00,39,8000.00,0.00,160000.00,'0'),(30,14,39,3.00,131,4000.00,0.00,12000.00,'0'),(31,14,65,1.00,149,6500.00,0.00,6500.00,'0'),(32,15,52,3.00,39,8000.00,0.00,24000.00,'0'),(33,16,39,5.00,131,4000.00,0.00,20000.00,'0'),(34,17,65,18.00,149,6500.00,0.00,117000.00,'0'),(35,17,53,7.00,37,7000.00,0.00,49000.00,'0'),(36,18,39,75.00,131,4000.00,0.00,300000.00,'0'),(37,18,52,1.00,40,230000.00,0.00,230000.00,'0'),(38,18,52,25.00,39,8000.00,0.00,200000.00,'0'),(39,18,65,40.00,149,6500.00,0.00,260000.00,'0'),(40,18,53,20.00,37,7000.00,0.00,140000.00,'0'),(41,19,39,54.00,131,4000.00,0.00,216000.00,'0'),(42,19,52,1.00,40,230000.00,0.00,230000.00,'0'),(43,19,52,13.00,39,8000.00,0.00,104000.00,'0'),(44,19,46,11.00,123,7500.00,0.00,82500.00,'0'),(45,20,39,14.00,131,4000.00,0.00,56000.00,'0'),(46,21,52,29.00,39,8000.00,0.00,232000.00,'0'),(47,21,78,50.00,77,3000.00,0.00,150000.00,'0'),(48,21,63,2.00,177,400000.00,0.00,800000.00,'0'),(49,22,47,9.00,125,9000.00,0.00,81000.00,'0'),(50,23,60,1.00,53,200000.00,0.00,200000.00,'0'),(51,24,52,3.00,39,8000.00,0.00,24000.00,'0'),(52,24,43,70.00,117,6500.00,0.00,455000.00,'0');
/*!40000 ALTER TABLE `tbt_penjualan_detail` ENABLE KEYS */;
UNLOCK TABLES;

--
-- Table structure for table `tbt_stok_in_out`
--

DROP TABLE IF EXISTS `tbt_stok_in_out`;
/*!40101 SET @saved_cs_client     = @@character_set_client */;
/*!40101 SET character_set_client = utf8 */;
CREATE TABLE `tbt_stok_in_out` (
  `id` int(11) NOT NULL AUTO_INCREMENT,
  `id_barang` int(11) DEFAULT NULL,
  `stok_awal` float(11,2) DEFAULT NULL,
  `stok_in` float(11,2) DEFAULT NULL,
  `stok_out` float(11,2) DEFAULT NULL,
  `stok_akhir` float(11,2) DEFAULT NULL,
  `keterangan` varchar(255) DEFAULT NULL,
  `id_transaksi` int(11) DEFAULT NULL,
  `jns_transaksi` char(1) DEFAULT NULL,
  `tgl` date DEFAULT NULL,
  `wkt` time DEFAULT NULL,
  `deleted` char(1) DEFAULT '0',
  PRIMARY KEY (`id`)
) ENGINE=InnoDB AUTO_INCREMENT=56 DEFAULT CHARSET=utf8;
/*!40101 SET character_set_client = @saved_cs_client */;

--
-- Dumping data for table `tbt_stok_in_out`
--

LOCK TABLES `tbt_stok_in_out` WRITE;
/*!40000 ALTER TABLE `tbt_stok_in_out` DISABLE KEYS */;
INSERT INTO `tbt_stok_in_out` VALUES (1,30,1000.00,0.00,200.00,800.00,'Transaksi Penjualan',12,'0','2016-01-07','23:03:23','1'),(2,43,3000.00,0.00,51.00,2949.00,'Transaksi Penjualan',1,'0','2015-12-29','11:26:08','0'),(3,43,2949.00,0.00,14.00,2935.00,'Transaksi Penjualan',4,'0','2015-12-30','11:28:10','0'),(4,43,2935.00,0.00,30.00,2905.00,'Transaksi Penjualan',6,'0','2016-01-02','11:30:28','0'),(5,43,2905.00,0.00,20.00,2885.00,'Transaksi Penjualan',10,'0','2016-01-02','11:31:23','0'),(6,45,3000.00,0.00,87.00,2913.00,'Transaksi Penjualan',2,'0','2015-12-29','11:26:08','0'),(7,45,2913.00,0.00,75.00,2838.00,'Transaksi Penjualan',5,'0','2015-12-30','11:28:10','0'),(8,45,2838.00,0.00,1.00,2837.00,'Transaksi Penjualan',7,'0','2016-01-02','11:30:28','0'),(9,46,500.00,0.00,1.00,499.00,'Transaksi Penjualan',3,'0','2015-12-29','11:26:08','0'),(10,46,499.00,0.00,12.00,487.00,'Transaksi Penjualan',8,'0','2016-01-02','11:30:28','0'),(11,70,10.00,0.00,1.00,9.00,'Transaksi Penjualan',9,'0','2016-01-02','11:31:23','0'),(12,37,3000.00,0.00,210.00,2790.00,'Transaksi Penjualan',11,'0','2016-01-04','11:34:56','0'),(13,45,2837.00,0.00,4.00,2833.00,'Transaksi Penjualan',13,'0','2016-01-09','00:49:31','0'),(14,43,2885.00,0.00,2.00,2883.00,'Transaksi Penjualan',14,'0','2016-01-09','00:49:31','0'),(15,44,3000.00,0.00,10.00,2990.00,'Transaksi Penjualan',15,'0','2016-01-11','00:49:52','0'),(16,40,3000.00,0.00,13.00,2987.00,'Transaksi Penjualan',16,'0','2016-01-13','23:43:50','0'),(17,44,2990.00,0.00,12.00,2978.00,'Transaksi Penjualan',17,'0','2016-01-13','23:43:50','0'),(18,77,5.00,0.00,1.00,4.00,'Transaksi Penjualan',18,'0','2016-01-13','23:43:50','0'),(19,45,2833.00,0.00,4.00,2829.00,'Transaksi Penjualan',19,'0','2016-01-15','13:03:35','0'),(20,43,2883.00,0.00,3.00,2880.00,'Transaksi Penjualan',20,'0','2016-01-15','23:51:06','0'),(21,39,3000.00,0.00,52.00,2948.00,'Transaksi Penjualan',21,'0','2016-01-15','23:51:06','0'),(22,65,1000.00,0.00,103.00,897.00,'Transaksi Penjualan',22,'0','2016-01-15','23:51:06','0'),(23,53,4000.00,0.00,60.00,3940.00,'Transaksi Penjualan',23,'0','2016-01-15','23:51:06','0'),(24,60,50.00,0.00,6.00,44.00,'Transaksi Penjualan',24,'0','2016-01-15','23:51:06','0'),(25,53,3940.00,0.00,12.00,3928.00,'Transaksi Penjualan',25,'0','2016-01-20','01:35:27','0'),(26,52,3000.00,0.00,30.00,2970.00,'Transaksi Penjualan',26,'0','2016-01-20','01:35:27','0'),(27,39,2948.00,0.00,67.00,2881.00,'Transaksi Penjualan',27,'0','2016-01-20','01:35:27','0'),(28,65,897.00,0.00,6.00,891.00,'Transaksi Penjualan',28,'0','2016-01-20','01:35:27','0'),(29,52,2970.00,0.00,20.00,2950.00,'Transaksi Penjualan',29,'0','2016-01-20','01:35:27','0'),(30,39,2881.00,0.00,3.00,2878.00,'Transaksi Penjualan',30,'0','2016-01-19','08:30:16','0'),(31,65,891.00,0.00,1.00,890.00,'Transaksi Penjualan',31,'0','2016-01-19','08:30:16','0'),(32,52,2950.00,0.00,3.00,2947.00,'Transaksi Penjualan',32,'0','2016-01-22','08:32:37','0'),(33,39,2878.00,0.00,5.00,2873.00,'Transaksi Penjualan',33,'0','2016-01-25','20:17:12','0'),(34,65,890.00,0.00,18.00,872.00,'Transaksi Penjualan',34,'0','2016-01-25','20:19:54','0'),(35,53,3928.00,0.00,7.00,3921.00,'Transaksi Penjualan',35,'0','2016-01-25','20:19:54','0'),(36,39,2873.00,0.00,75.00,2798.00,'Transaksi Penjualan',36,'0','2016-01-27','01:09:53','0'),(37,52,2947.00,0.00,30.00,2917.00,'Transaksi Penjualan',37,'0','2016-01-27','01:09:53','0'),(38,52,2917.00,0.00,25.00,2892.00,'Transaksi Penjualan',38,'0','2016-01-27','01:09:53','0'),(39,65,872.00,0.00,40.00,832.00,'Transaksi Penjualan',39,'0','2016-01-27','01:09:53','0'),(40,53,3921.00,0.00,20.00,3901.00,'Transaksi Penjualan',40,'0','2016-01-27','01:09:53','0'),(41,39,2798.00,0.00,54.00,2744.00,'Transaksi Penjualan',41,'0','2016-01-28','23:37:04','0'),(42,52,2892.00,0.00,30.00,2862.00,'Transaksi Penjualan',42,'0','2016-01-28','23:37:04','0'),(43,52,2862.00,0.00,13.00,2849.00,'Transaksi Penjualan',43,'0','2016-01-28','23:37:04','0'),(44,46,487.00,0.00,11.00,476.00,'Transaksi Penjualan',44,'0','2016-01-28','23:37:04','0'),(45,39,2744.00,0.00,14.00,2730.00,'Transaksi Penjualan',45,'0','2016-01-30','21:15:41','0'),(46,52,2849.00,0.00,29.00,2820.00,'Transaksi Penjualan',46,'0','2016-02-03','09:36:40','0'),(47,78,1000.00,0.00,50.00,950.00,'Transaksi Penjualan',47,'0','2016-02-03','09:36:40','0'),(48,63,5000.00,0.00,1000.00,4000.00,'Transaksi Penjualan',48,'0','2016-02-03','09:36:40','0'),(49,47,500.00,0.00,9.00,491.00,'Transaksi Penjualan',49,'0','2016-02-03','09:37:30','0'),(50,60,44.00,0.00,1.00,43.00,'Transaksi Penjualan',50,'0','2016-02-03','09:46:57','0'),(51,63,10.00,4990.00,0.00,5000.00,'Manual Stok By Admin',0,'0','2016-02-01','09:36:40','0'),(52,62,10.00,4990.00,0.00,5000.00,'Manual Stok By Admin',0,'0','2016-02-01','09:36:40','0'),(53,64,10.00,4990.00,0.00,5000.00,'Manual Stok By Admin',0,'0','2016-02-01','09:36:40','0'),(54,52,2820.00,0.00,3.00,2817.00,'Transaksi Penjualan',51,'0','2016-02-05','12:04:58','0'),(55,43,2880.00,0.00,70.00,2810.00,'Transaksi Penjualan',52,'0','2016-02-05','12:04:58','0');
/*!40000 ALTER TABLE `tbt_stok_in_out` ENABLE KEYS */;
UNLOCK TABLES;

--
-- Table structure for table `tbt_transaksi_luar`
--

DROP TABLE IF EXISTS `tbt_transaksi_luar`;
/*!40101 SET @saved_cs_client     = @@character_set_client */;
/*!40101 SET character_set_client = utf8 */;
CREATE TABLE `tbt_transaksi_luar` (
  `id` int(11) NOT NULL AUTO_INCREMENT,
  `sumber_transaksi` char(1) DEFAULT '0',
  `jns_transaksi` char(1) DEFAULT '0',
  `tgl_transaksi` date DEFAULT NULL,
  `wkt_transaksi` time DEFAULT '00:00:00',
  `keterangan` varchar(80) DEFAULT NULL,
  `jml_transaksi` float(11,2) DEFAULT NULL,
  `st_posting` char(1) DEFAULT '0',
  `deleted` char(1) DEFAULT '0',
  PRIMARY KEY (`id`)
) ENGINE=InnoDB AUTO_INCREMENT=173 DEFAULT CHARSET=utf8;
/*!40101 SET character_set_client = @saved_cs_client */;

--
-- Dumping data for table `tbt_transaksi_luar`
--

LOCK TABLES `tbt_transaksi_luar` WRITE;
/*!40000 ALTER TABLE `tbt_transaksi_luar` DISABLE KEYS */;
INSERT INTO `tbt_transaksi_luar` VALUES (1,'1','1','2016-01-02','11:04:05','DOBEL TAPE 1/4 INCH, 480ROL',720000.00,'1','0'),(2,'1','0','2016-01-02','11:16:59','DP UNDANGAN 300 BH( SISA 2,2JT)',1100000.00,'1','0'),(3,'1','1','2016-01-03','11:16:59','MAKAN SIANG',75000.00,'1','0'),(4,'1','1','2016-01-03','11:16:59','ROKOK',45000.00,'1','0'),(5,'1','0','2016-01-04','11:29:11','PELUNASAN UND KAL SPIRAL AGUS PRP',7046000.00,'1','0'),(6,'1','0','2016-01-04','11:29:11','STIKER ALAM',140000.00,'1','0'),(7,'1','1','2016-01-04','11:29:11','MAKAN SIANG ',45000.00,'1','0'),(8,'1','1','2016-01-04','11:29:11','MIE AYAM',80000.00,'1','0'),(9,'1','1','2016-01-04','11:29:11','MINUMAN',80000.00,'1','0'),(10,'1','1','2016-01-04','11:29:11','ART 120, 120 LMBR MAS TRIADI',630000.00,'1','0'),(11,'1','1','2016-01-04','11:29:11','ART 230, 115 LMBR',747500.00,'1','0'),(12,'1','1','2016-01-04','11:29:11','ART 260, 163 LMBR',1141000.00,'1','0'),(13,'1','1','2016-01-04','11:29:11','ART 310, 13 LMBR',97500.00,'1','0'),(14,'1','1','2016-01-05','11:32:34','KOPI',18000.00,'1','0'),(15,'1','0','2016-01-05','11:32:34','PELUNASAN UND 300 BH',2200000.00,'1','0'),(16,'1','0','2016-01-06','21:09:38','DP UND KAL LIPAT 3, 250 BH (SISA 2,250 JT)',3000000.00,'1','1'),(17,'1','0','2016-01-06','21:09:38','UND AKIKAH PAY',700000.00,'1','0'),(18,'1','1','2016-01-06','21:09:38','AMPLOP',40000.00,'1','0'),(19,'1','1','2016-01-06','21:09:38','ROKOK',45000.00,'1','0'),(20,'1','1','2016-01-06','21:09:38','GORENGAN',30000.00,'1','0'),(21,'1','1','2016-01-06','21:09:38','KUNCI L',150000.00,'1','0'),(22,'1','1','2016-01-07','21:10:52','HP RONI',3150000.00,'1','0'),(23,'1','1','2016-01-07','21:10:52','BERAS',135000.00,'1','0'),(24,'1','1','2016-01-07','21:10:52','SAYUR',45000.00,'1','0'),(25,'1','0','2016-01-08','10:19:21','DP STIKER DINAS PENDIDIKAN (SISA 2,5 JT)',2500000.00,'1','0'),(26,'1','0','2016-01-08','10:19:21','PELUNASAN KAL DEP AGAMA ',3600000.00,'1','0'),(27,'1','0','2016-01-08','10:19:21','PELUNASA BJ ABSURD ARI 9SISA 150 RB RATNA)',150000.00,'1','0'),(28,'1','0','2016-01-08','10:19:21','PELUNASAN TMBHN UND AGUS PRP, 5 BH',140000.00,'1','0'),(29,'1','0','2016-01-08','10:19:21','PELUNASAN BUKU RAPOT SMP IT AS SALAM',750000.00,'1','0'),(30,'1','0','2016-01-08','10:19:21','PELUNASAN BINGKAI FOTO PERSIPURA',500000.00,'1','0'),(31,'1','1','2016-01-08','10:19:21','DP POLIS ASURANSI KE PAK ANIS',1000000.00,'1','0'),(32,'1','1','2016-01-08','10:19:21','PINJAMAN ADI (BAJU)',150000.00,'1','0'),(33,'1','1','2016-01-08','10:19:21','PINJAMAN MULIS (BAJU)',150000.00,'1','0'),(34,'1','1','2016-01-08','10:19:21','PINJAMAN RONI (BAJU)',150000.00,'1','0'),(35,'1','1','2016-01-08','10:19:21','ART 230, 2 LMBR',13000.00,'1','0'),(36,'1','1','2016-01-08','10:19:21','ART 260, 4 LMBR',28000.00,'1','0'),(37,'1','1','2016-01-09','10:24:12','SUSU MILO',45000.00,'1','0'),(38,'1','1','2016-01-09','10:24:12','PILOX CLEAR VANISH',35000.00,'1','0'),(39,'1','1','2016-01-09','10:24:12','PILOX CLEAR VANISH',25000.00,'1','0'),(40,'1','1','2016-01-09','10:24:12','AMPLAS',14000.00,'1','0'),(41,'1','1','2016-01-09','10:24:12','ROKOK',45000.00,'1','0'),(42,'1','1','2016-01-09','10:24:12','MAKAN SIANG',150000.00,'1','0'),(43,'1','0','2016-01-09','10:24:12','STIKER ALAM',1576000.00,'1','0'),(44,'1','1','2016-01-10','10:24:55','PINJAMAN MULIS',50000.00,'1','0'),(45,'1','1','2016-01-11','10:26:21','CUTTING STIKER 30M DAN TRANSFER TAPE 1 ROL',2733000.00,'1','0'),(46,'1','1','2016-01-11','10:26:21','ART 210, 10 LMBR',55000.00,'1','0'),(47,'1','1','2016-01-12','10:33:50','PINJAMAN RONI',200000.00,'1','0'),(48,'1','1','2016-01-12','10:33:50','PINJAMAN ADI',100000.00,'1','0'),(49,'1','1','2016-01-12','10:33:50','PINJAMAN MULIS',100000.00,'1','0'),(50,'1','1','2016-01-12','10:33:50','SAYUR+IKAN',45000.00,'1','0'),(51,'1','1','2016-01-12','10:33:50','MINUMAN+ROKOK',125000.00,'1','0'),(52,'1','1','2016-01-12','10:33:50','TINTA EPSON L 210',1100000.00,'1','0'),(53,'1','1','2016-01-12','10:33:50','HVS 70 GR, 1 PLN',400000.00,'1','0'),(54,'1','1','2016-01-12','10:33:50','CUTTING STIKER',780000.00,'1','0'),(55,'1','1','2016-01-12','10:33:50','ONGKOS POTONG',150000.00,'1','0'),(56,'1','0','2016-01-12','10:33:50','DP BAJU COC, 4 BJ (SISA 150 RB)',450000.00,'1','0'),(57,'1','1','2016-01-13','10:50:00','PINJAMAN MULIS',50000.00,'1','0'),(58,'1','1','2016-01-13','10:50:00','AMPLOP HAMER CREAM 15X20, 5 PAK',210000.00,'1','0'),(59,'1','1','2016-01-13','10:50:00','AMPLOP HAMER CREAM 12X17, 5 PAK',175000.00,'1','0'),(60,'1','1','2016-01-13','10:50:00','ONGKOS POTONG',150000.00,'1','0'),(61,'1','0','2016-01-13','10:50:00','PELUNASAN CETAKAN JUSTI',1225000.00,'1','0'),(62,'1','0','2016-01-13','10:50:00','PELUNASAN BUKU NOTA HP WAMENA',4500000.00,'1','0'),(63,'1','1','2016-01-13','10:50:00','ART 150 65X100, 13 LMBR',45500.00,'1','0'),(64,'1','1','2016-01-13','10:50:00','ART 210 79X109, 12 LMBR',66000.00,'1','0'),(65,'1','1','2016-01-13','10:50:00','NCR TOP WHITE 1 PLN',450000.00,'1','0'),(66,'1','1','2016-01-13','10:50:00','KOPI',20000.00,'1','0'),(67,'1','1','2016-01-13','10:50:00','SAYURAN+LAUK',40000.00,'1','0'),(68,'1','0','2016-01-14','14:57:57','PELUNASAN BAJU COC',150000.00,'1','0'),(69,'1','1','2016-01-14','14:57:57','PELUNASAN POLIS ASURANSI KE PAK ANIS',220000.00,'1','0'),(70,'1','1','2016-01-14','14:57:57','ONGKOS POTONG',150000.00,'1','0'),(71,'1','1','2016-01-14','14:57:57','SAYURAN',27500.00,'1','0'),(72,'1','0','2016-01-14','14:57:57','PELUNASAN UND 300 BH',330000.00,'1','0'),(73,'1','0','2016-01-15','15:02:47','PELUNASAN ASURANSI BSAM',2200000.00,'1','0'),(74,'1','1','2016-01-15','15:02:47','ONGKOS POTONG ',100000.00,'1','0'),(75,'1','1','2016-01-15','15:02:47','SAYURAN+LAUK',37000.00,'1','0'),(76,'1','1','2016-01-15','15:02:47','ART 230, 3 LMBR',19500.00,'1','0'),(77,'1','1','2016-01-15','15:02:47','ART 150 79X109, 52 LMBR',208000.00,'1','0'),(78,'1','1','2016-01-15','15:02:47','JASMINE CREAM/PLASMA YELLOW, 1 BALL+3 LMBR',669500.00,'1','0'),(79,'1','1','2016-01-15','15:02:47','BOARD 40, 60 LMBR',420000.00,'1','0'),(80,'1','1','2016-01-15','15:02:47','LAMINASI DOFF, 6 ROL',1200000.00,'1','0'),(81,'1','1','2016-01-16','15:22:29','MAKAN MALAM',210000.00,'1','0'),(82,'1','1','2016-01-16','15:22:29','MINUMAN',50000.00,'1','0'),(83,'1','1','2016-01-16','15:22:29','ROKOK',45000.00,'1','0'),(84,'1','1','2016-01-16','15:22:29','KOPI+AIR GALON',20000.00,'1','0'),(85,'1','1','2016-01-16','15:22:29','SAYURAN',28000.00,'1','0'),(86,'1','1','2016-01-16','15:22:29','ONGKOS POTONG',200000.00,'1','0'),(87,'1','1','2016-01-18','15:30:54','SAYURAN',30000.00,'1','0'),(88,'1','1','2016-01-18','15:30:54','MINUMAN',50000.00,'1','0'),(89,'1','1','2016-01-18','15:30:54','ROKOK',45000.00,'1','0'),(90,'1','0','2016-01-18','15:30:54','KARTU NAMA RENTAL MOBIL',120000.00,'1','0'),(91,'1','0','2016-01-18','15:30:54','KARTU NAMA BANK PAPUA ',360000.00,'1','0'),(92,'1','1','2016-01-18','15:30:54','BOARD 40, 12 LMBR',84000.00,'1','0'),(93,'1','1','2016-01-18','15:30:54','BOARD 30, 1 PLANO',230000.00,'1','0'),(94,'1','1','2016-01-18','15:30:54','BOARD 30, 20 LMBR',160000.00,'1','0'),(95,'1','1','2016-01-18','15:30:54','ART 150, 67 LMBR',268000.00,'1','0'),(96,'1','1','2016-01-18','15:30:54','JASMINE CREAM 6 LMBR',39000.00,'1','0'),(97,'1','0','2016-01-19','15:36:06','STIKER MOTOR ',450000.00,'1','0'),(98,'1','1','2016-01-19','15:36:06','PLASTIK 13,5 , 5 PAK',67500.00,'1','0'),(99,'1','1','2016-01-19','15:36:06','PLASTIK 14,5 , 5 PAK',72500.00,'1','0'),(100,'1','1','2016-01-19','15:36:06','PLASTIK 14, 3 PAK',43500.00,'1','0'),(101,'1','0','2016-01-19','15:36:06','PELUNASAN UND MBA VICA',8000000.00,'1','0'),(102,'1','1','2016-01-19','15:36:06','PINJAMAN ADI',100000.00,'1','0'),(103,'1','1','2016-01-19','15:36:06','PEMBAYARAN MOTOR ADI',1575000.00,'1','0'),(104,'1','1','2016-01-19','15:36:06','SAYUR+IKAN',55000.00,'1','0'),(105,'1','1','2016-01-19','15:36:06','ART 150, 3 LMBR',12000.00,'1','0'),(106,'1','1','2016-01-19','15:36:06','JASMINE CREAM 1 LMBR',6500.00,'1','0'),(107,'1','1','2016-01-20','15:36:33','SAYURAN',35000.00,'1','0'),(108,'1','0','2016-01-22','15:43:01','PELUNASAN BUKU NOTA MBA YEYEN',600000.00,'1','0'),(109,'1','0','2016-01-22','15:43:01','PELUNASAN CETAKAN TRIYADI',1561000.00,'1','0'),(110,'1','0','2016-01-22','15:43:01','PELUNASAN BUKU NOTA DOLOG MANOKWARI',750000.00,'1','0'),(111,'1','0','2016-01-22','15:43:01','PELUNASAN BAJU KAOS DRUGSTORE, 24 BJ',2880000.00,'1','0'),(112,'1','0','2016-01-22','15:43:01','PELUNASAN BAJU ABSURD RATNA ',150000.00,'1','0'),(113,'1','1','2016-01-22','15:43:01','SAYURAN',38000.00,'1','0'),(114,'1','1','2016-01-22','15:43:01','ROKOK',45000.00,'1','0'),(115,'1','1','2016-01-22','15:43:01','MAKAN MALAM ',80000.00,'1','0'),(116,'1','1','2016-01-22','15:43:01','XEROX',11450000.00,'1','0'),(117,'1','1','2016-01-23','15:46:43','PEMBELIAN BAJU KAOS UK M HITAM 12 LUSIN',6200000.00,'1','0'),(118,'1','1','2016-01-23','15:46:43','SAYUR+AYAM',60000.00,'1','0'),(119,'1','1','2016-01-23','15:46:43','KOPI',40000.00,'1','0'),(120,'1','1','2016-01-23','15:46:43','ISI CUTTER 1 PAK',60000.00,'1','0'),(121,'1','0','2016-01-23','15:46:43','DP CETAKAN TRIYADI',5000000.00,'1','1'),(122,'0','1','2016-01-29','11:50:57','POTONG KERTAS',250000.00,'1','0'),(123,'1','1','2016-01-23','08:05:14','AYAM+SAYUR',60000.00,'1','0'),(124,'1','1','2016-01-23','08:05:14','KOPI',40000.00,'1','0'),(125,'1','1','2016-01-23','08:05:14','ISI CUTTER',60000.00,'1','0'),(126,'1','1','2016-01-25','08:11:13','POTONG KERTAS ASURANSI BSAM',200000.00,'1','0'),(127,'1','1','2016-01-25','08:11:13','ROKOK',45000.00,'1','0'),(128,'1','1','2016-01-25','08:11:13','MINUMAN',40000.00,'1','0'),(129,'1','1','2016-01-25','08:11:13','SAYUR+IKAN',45000.00,'1','0'),(130,'1','1','2016-01-26','08:21:17','PLASTIK UND 14,5, 10 PAK',145000.00,'1','0'),(131,'1','1','2016-01-26','08:21:17','ART 150, 70 LMBR',300000.00,'1','0'),(132,'1','1','2016-01-26','08:21:17','BOARD 30 1 PLN',230000.00,'1','0'),(133,'1','1','2016-01-26','08:21:17','BOARD 30 ,25 LMBR',200000.00,'1','0'),(134,'1','1','2016-01-26','08:21:17','JASMINE CREAM, 40 PLN',390000.00,'1','0'),(135,'1','1','2016-01-26','08:21:17','BOARD 40, 20 LMBR',140000.00,'1','0'),(136,'1','1','2016-01-26','08:21:17','PINJAMAN HUDA',455000.00,'1','0'),(137,'1','1','2016-01-26','08:21:17','ROKOK',45000.00,'1','0'),(138,'1','1','2016-01-26','08:21:17','MINUMAN',61000.00,'1','0'),(139,'1','1','2016-01-26','08:21:17','SAYUR+IKAN',45000.00,'1','0'),(140,'1','1','2016-01-27','08:23:51','SAYUR',31000.00,'1','0'),(141,'1','1','2016-01-27','08:23:51','ROKOK',45000.00,'1','0'),(142,'1','1','2016-01-27','08:23:51','GORENGAN',40000.00,'1','0'),(143,'1','1','2016-01-27','08:23:51','MINUMAN',51000.00,'1','0'),(144,'1','1','2016-01-28','08:27:23','MAKAN MALAM',60000.00,'1','0'),(145,'1','1','2016-01-28','08:27:23','ROKOK',45000.00,'1','0'),(146,'1','1','2016-01-28','08:27:23','SAYUR+LAUK',38000.00,'1','0'),(147,'1','1','2016-01-28','08:27:23','TELUR',31000.00,'1','0'),(148,'1','1','2016-01-28','08:27:23','SINGKONG',15000.00,'1','0'),(149,'1','1','2016-01-29','08:29:43','ROKOK',45000.00,'1','0'),(150,'1','1','2016-01-29','08:29:43','MINUMAN',51000.00,'1','0'),(151,'1','1','2016-01-29','08:29:43','SAYUR',40000.00,'1','0'),(152,'1','1','2016-01-30','08:35:11','SAYUR IKAN ',42000.00,'1','0'),(153,'1','1','2016-01-30','08:35:11','ROKOK',45000.00,'1','0'),(154,'1','1','2016-01-30','08:35:11','MINUMAN',40000.00,'1','0'),(155,'1','1','2016-01-30','08:35:11','MAKAN MALAM',75000.00,'1','0'),(156,'1','1','2016-01-30','08:35:11','PINJAMAN ADI',50000.00,'1','0'),(157,'1','1','2016-01-30','08:35:11','PINJAMAN RONI',50000.00,'1','0'),(158,'1','1','2016-01-30','08:35:11','PINJAMAN MULIS',70000.00,'1','0'),(159,'1','1','2016-01-30','08:35:11','UANGNYA PAK AFRIAN',300000.00,'1','0'),(160,'0','1','2016-02-01','10:18:04','POTONG KERTAS KE PNG',100000.00,'1','0'),(161,'0','1','2016-01-28','10:18:52','PEMBAYARAN SPARE PART MESIN POTONG',3500000.00,'1','0'),(162,'1','1','2016-01-25','03:36:16','PELUNASAN CETAKAN ASURANSI BSAM KE PAK ANIS',769000.00,'1','0'),(163,'1','0','2016-01-25','03:41:19','PELUNASAN KALENDER LIPAT 3 PIET ESTER',5250000.00,'1','0'),(164,'1','0','2016-01-27','03:46:31','PELUNASAN UNDANGAN MBA VICA',3800000.00,'1','0'),(165,'1','0','2016-01-27','03:46:31','PELUNASAN UNDANGAN SURI',3125000.00,'1','0'),(166,'1','0','2016-01-27','03:46:31','STIKER ZARRA',200000.00,'1','0'),(167,'1','0','2016-01-28','03:50:16','PELUNASAN UND SURI',4600000.00,'1','0'),(168,'1','0','2016-01-28','03:50:16','PELUNASAN ASURANSI BRIANS',2200000.00,'1','0'),(169,'1','0','2016-01-28','03:50:16','PELUNASAN PAK MAJID',3150000.00,'1','0'),(170,'1','0','2016-01-28','03:50:16','PELUNASAN PAK MAJID',280000.00,'1','0'),(171,'1','0','2016-01-28','03:50:16','STIKER ZARAA',100000.00,'1','0'),(172,'1','0','2016-01-28','03:50:16','DINAS KEHUTANAN',700000.00,'1','0');
/*!40000 ALTER TABLE `tbt_transaksi_luar` ENABLE KEYS */;
UNLOCK TABLES;

--
-- Dumping events for database 'hotel'
--

--
-- Dumping routines for database 'hotel'
--
/*!40103 SET TIME_ZONE=@OLD_TIME_ZONE */;

/*!40101 SET SQL_MODE=@OLD_SQL_MODE */;
/*!40014 SET FOREIGN_KEY_CHECKS=@OLD_FOREIGN_KEY_CHECKS */;
/*!40014 SET UNIQUE_CHECKS=@OLD_UNIQUE_CHECKS */;
/*!40101 SET CHARACTER_SET_CLIENT=@OLD_CHARACTER_SET_CLIENT */;
/*!40101 SET CHARACTER_SET_RESULTS=@OLD_CHARACTER_SET_RESULTS */;
/*!40101 SET COLLATION_CONNECTION=@OLD_COLLATION_CONNECTION */;
/*!40111 SET SQL_NOTES=@OLD_SQL_NOTES */;

-- Dump completed on 2016-03-13 13:13:52
